domain,category,component,variants,sizes,states,key_anatomy,responsive_rule,accessibility_rule,status
Shared,Primitive,Box,surface / transparent / interactive,fluid,default / hover / selected / disabled,"background, border, radius, padding",fills parent or intrinsic,semantic element must match purpose,Canonical
Shared,Primitive,Stack,vertical / horizontal / wrap,gap 0-48,default,"children, gap, alignment",switch horizontal to vertical below breakpoint,DOM order equals reading order,Canonical
Shared,Primitive,Grid,2 / 3 / 4 / 6 / 12-column,fluid,default,"columns, rows, gaps",collapses by content priority,no visual-only reordering,Canonical
Shared,Primitive,Container,reading / content / wide / full-bleed,720 / 1280 / 1440 / fluid,default,"max-width, inline padding","24 px mobile, 32 tablet, 48-64 desktop",landmarks and headings define regions,Canonical
Shared,Primitive,Divider,horizontal / vertical / inset,1 px,default,"rule, optional label",vertical divider becomes horizontal on mobile,decorative dividers aria-hidden,Canonical
Shared,Primitive,AspectRatio,1:1 / 4:3 / 16:9 / 9:16 / custom,fluid,default,media slot,maintains ratio,alt text/caption required for informative media,Canonical
Shared,Primitive,VisuallyHidden,text / live-region,n/a,default,hidden text,n/a,must remain accessible to assistive tech,Canonical
Shared,Action,Button,primary / secondary / tertiary / ghost / destructive / inverse,32 / 36 / 40 / 44 / 48,default / hover / active / focus / loading / disabled,"label, optional leading/trailing icon, spinner",full-width only when mobile hierarchy requires,44x44 touch target; accessible name; loading announced,Canonical
Shared,Action,IconButton,primary / secondary / ghost / destructive,32 / 36 / 40 / 44,default / hover / active / focus / disabled,"icon, tooltip, optional badge",44 px on touch devices,aria-label mandatory; tooltip is supplementary,Canonical
Shared,Action,SplitButton,primary / secondary,40 / 44,default / open / loading / disabled,"primary action, divider, menu trigger",avoid below 480 px; use menu instead,two distinct accessible controls,Canonical
Shared,Action,ButtonGroup,segmented / toolbar,32 / 36 / 40,default / selected / disabled,"group, items, active indicator",wrap or horizontal scroll,role=group; selected state exposed,Canonical
Shared,Action,Link,inline / standalone / navigation / inverse,text-relative,default / hover / focus / visited / disabled,"label, optional external icon",wrap naturally,do not rely on color alone; underline inline links,Canonical
Shared,Action,FAB,primary / contextual,48 / 56,default / hover / active / focus,"icon, optional label",mobile only when persistent action is essential,accessible label; never covers content,Canonical
Shared,Form,Field,text / email / password / URL / number,36 / 40 / 44,empty / filled / hover / focus / invalid / disabled / read-only,"label, control, helper, error, count",full-width under 480 px,programmatic label; error associated via aria-describedby,Canonical
Shared,Form,Textarea,fixed / autosize,min 96 / 144,empty / filled / focus / invalid / disabled,"label, textarea, helper, count",full-width,label and error association,Canonical
Shared,Form,SearchField,inline / command / page,36 / 40 / 44,empty / typing / loading / results / no-results,"search icon, input, clear, shortcut",mobile expands to full-width,role=search; clear control named,Canonical
Shared,Form,Select,single / native fallback,36 / 40 / 44,closed / open / selected / invalid / disabled,"label, trigger, value, chevron, listbox",bottom sheet on narrow touch screens,keyboard listbox pattern; native fallback allowed,Canonical
Shared,Form,Combobox,single / multi / creatable,40 / 44,closed / open / filtering / loading / no-results / invalid,"input, chips, listbox, create action",sheet on small screens,ARIA combobox pattern and active descendant,Canonical
Shared,Form,Checkbox,standard / indeterminate,20,unchecked / checked / mixed / focus / disabled,"control, label, optional description",stack labels on mobile,native semantics or correct role/state,Canonical
Shared,Form,RadioGroup,vertical / horizontal / cards,20 / card,unchecked / checked / focus / disabled,"legend, options, description",horizontal becomes vertical,fieldset and legend required,Canonical
Shared,Form,Switch,standard / labelled,40x22,off / on / focus / disabled,"track, thumb, label, description",do not hide label on mobile,role=switch and state announced,Canonical
Shared,Form,Slider,single / range,track 4; thumb 20,default / hover / focus / disabled,"track, fill, thumb, value label",increase touch hit area to 44,keyboard arrows; min/max/current exposed,Canonical
Shared,Form,DatePicker,single / range,40,closed / open / selected / invalid,"field, calendar, quick options",dialog or sheet by viewport,keyboard calendar pattern; typed entry supported,Canonical
Shared,Form,TimePicker,12/24h / duration,40,closed / open / invalid,"field, list, timezone/duration hint",sheet on mobile,typed entry and labels,Canonical
Shared,Form,FileUploader,dropzone / compact / multi,compact / standard / large,idle / drag / uploading / processing / success / error,"dropzone, browse action, constraints, queue, progress",tap-first on touch; drop secondary,keyboard browse; progress and errors announced,Canonical
Shared,Form,FormSection,plain / bordered / destructive,fluid,default / disabled,"heading, description, fields, actions",one column below 768,section heading and grouped errors,Canonical
Shared,Form,FormActions,inline / sticky / footer,40 / 44,default / saving / error,"primary, secondary, destructive",sticky bottom on long mobile forms,DOM order follows priority,Canonical
Shared,Navigation,TopNavigation,marketing / dashboard / player-setup,56 / 64 / 72,default / scrolled / menu-open,"logo, nav, utilities, CTA",desktop nav becomes mobile sheet,nav landmark; current page announced,Canonical
Shared,Navigation,Sidebar,expanded / collapsed / mobile sheet,248 / 72,default / hover / active / disabled,"logo, sections, items, tenant switcher, profile",sheet below 1024,nav labels preserved; tooltips in collapsed mode,Canonical
Shared,Navigation,MobileNavigation,sheet / bottom navigation,full-height / 64,closed / open / active,"trigger, panel, links, CTA",mobile only,focus trap; Escape closes; current state,Canonical
Shared,Navigation,Breadcrumbs,standard / compact,32,default / overflow,"home, items, separators, current",collapse middle items,nav label and aria-current=page,Canonical
Shared,Navigation,Tabs,underline / contained / vertical,36 / 40,default / hover / selected / disabled,"tablist, tabs, panels",horizontal scroll or select replacement,ARIA tabs keyboard behavior,Canonical
Shared,Navigation,SegmentedControl,2-5 options,36 / 40,default / selected / disabled,"group, options, indicator",full-width on mobile,radio semantics,Canonical
Shared,Navigation,Pagination,numbered / simple / cursor,36 / 40,default / current / disabled,"previous, pages, next, count",simple variant on mobile,nav label; current page announced,Canonical
Shared,Navigation,Stepper,horizontal / vertical,compact / standard,complete / current / upcoming / error,"steps, connector, labels",vertical on mobile,ordered list; current step announced,Canonical
Shared,Navigation,CommandPalette,global / contextual,modal 640,closed / open / searching / empty,"search, groups, items, shortcut",full-screen sheet under 640,combobox semantics; focus trap,Canonical
Shared,Feedback,Badge,neutral / orange / blue / success / warning / critical,20 / 24,default / outlined / subtle,"label, optional dot/icon",no wrapping in tables; truncate carefully,text label required; color not sole cue,Canonical
Shared,Feedback,StatusDot,online / offline / syncing / warning / critical,8 / 10 / 12,static / pulsing only for active sync,"dot, optional ring",n/a,paired with visible text except compact telemetry,Canonical
Shared,Feedback,Alert,info / success / warning / critical,compact / standard,default / dismissible,"icon, title, message, actions, close",stack actions on mobile,role=status or alert according to urgency,Canonical
Shared,Feedback,Banner,system / maintenance / offline / billing,page / app,default / sticky / dismissible,"message, link/action, close",wrap and stack,appropriate live region; never auto-dismiss critical,Canonical
Shared,Feedback,Toast,success / info / warning / critical / progress,360 max,enter / visible / exit / paused,"icon, title, message, action, close","bottom on mobile, top-right desktop",role=status; pause on hover/focus; persistent errors,Canonical
Shared,Feedback,Tooltip,plain / shortcut / rich,max 280,closed / open,"content, optional shortcut",disabled on coarse pointer unless focus,supplementary only; target has accessible name,Canonical
Shared,Feedback,Popover,menu / info / filter / picker,240-420,closed / open,"trigger, surface, arrow optional",sheet replacement on small screens,focus management and dismissal,Canonical
Shared,Feedback,DropdownMenu,standard / checkbox / radio / destructive,240-320,closed / open / active,"groups, labels, items, separators, shortcuts",sheet for long menus on mobile,ARIA menu pattern; Escape and arrows,Canonical
Shared,Feedback,Dialog,confirmation / form / detail / destructive,400 / 560 / 720 / 960,closed / open / submitting / error,"title, description, body, actions, close",full-screen under 640 when complex,"focus trap, labelled, Escape unless destructive in progress",Canonical
Shared,Feedback,Sheet,right / left / bottom,360 / 440 / 560,closed / open,"header, body, footer, close",bottom/full-screen on mobile,dialog semantics and focus trap,Canonical
Shared,Feedback,ProgressBar,determinate / indeterminate / segmented,4 / 8 / 12,idle / progress / complete / error,"track, fill, label, value",fluid,progressbar role and value; text status,Canonical
Shared,Feedback,Spinner,inline / button / page,16 / 20 / 24 / 32,active,"indicator, hidden label",n/a,aria-hidden if adjacent live text; otherwise named,Canonical
Shared,Feedback,Skeleton,text / card / table / media,matched to content,loading,blocks matching final layout,responsive shape matches final,aria-hidden; parent announces loading,Canonical
Shared,Feedback,EmptyState,first-use / no-results / cleared / permission,compact / standard / hero,default,"icon/image optional, title, copy, actions",stack centered on mobile,heading and clear next action,Canonical
Shared,Feedback,ErrorState,inline / section / page / offline,compact / standard / hero,recoverable / terminal,"title, cause-safe copy, retry/support action",stack actions,focus error summary; no raw technical secrets,Canonical
Shared,Data display,Card,plain / bordered / interactive / selected / dark / media,compact / standard / spacious,default / hover / focus / selected / disabled,"header, body, footer, actions",stack or horizontal scroll by context,interactive card uses single clear action target,Canonical
Shared,Data display,MetricCard,number / status / progress,compact / standard,default / loading / warning,"label, value, delta/status, optional action","2-col mobile, 3-6 desktop",no color-only meaning; value has text label,Canonical
Shared,Data display,MediaCard,image / video / widget / processing,grid / list,ready / uploading / processing / failed / selected,"thumbnail, type, title, metadata, status, actions","list on mobile, grid desktop",alt text; controls keyboard reachable,Canonical
Shared,Data display,PlaylistCard,draft / published / updating,grid / list,default / selected / processing / error,"montage, title, count, duration, assignments, status, actions",list on mobile,status and actions named,Canonical
Shared,Data display,ScreenCard,online / offline / syncing / warning,compact / standard,default / selected / stale / disabled,"name, location, status, playlist, release, last seen, action",stack details on mobile,status text and last-seen semantics,Canonical
Shared,Data display,PricingCard,start / club / network / custom,standard / featured,default / featured / disabled,"name, audience, features, CTA",single column mobile,featured not conveyed by color only,Canonical
Shared,Data display,FeatureBlock,icon / editorial / screenshot,compact / standard / split,default,"eyebrow, title, copy, media, link",split stacks with copy first,heading hierarchy maintained,Canonical
Shared,Data display,Table,basic / sortable / selectable / expandable,compact / standard,loading / empty / error / selected,"caption, header, rows, cells, actions",horizontal scroll or card transform,caption; header scope; keyboard actions,Canonical
Shared,Data display,DataGrid,virtualized / editable / grouped,compact / standard,loading / editing / selected / error,"toolbar, grid, pinned cols, footer",desktop only; card/list fallback mobile,ARIA grid pattern; robust keyboard navigation,Canonical
Shared,Data display,ListRow,simple / rich / draggable / selectable,44 / 52 / 64 / 80,default / hover / selected / disabled,"leading, content, metadata, actions, drag handle",metadata wraps below on mobile,single tab stop where possible; handle named,Canonical
Shared,Data display,DescriptionList,inline / stacked / grid,compact / standard,default,"term, description",single column mobile,semantic dl/dt/dd,Canonical
Shared,Data display,Avatar,image / initials / club crest,24 / 32 / 40 / 48 / 64,default / online / offline,"image, fallback, optional status",n/a,meaningful alt or empty alt if adjacent name,Canonical
Shared,Data display,Thumbnail,image / video / document / widget,40 / 56 / 72 / 96 / 16:9,ready / loading / error,"media, overlay, duration/type",responsive crops with focal point,alt/caption according to context,Canonical
Shared,Data display,Timeline,audit / release / activity,compact / standard,complete / current / error,"marker, connector, timestamp, title, details",single column,ordered list; timestamps machine readable,Canonical
Shared,Data display,KeyValue,standard / code / copyable,compact / standard,default / copied / hidden,"label, value, optional copy/reveal",wrap long IDs,copy action named; secrets masked,Canonical
Website,Marketing,MarketingHeader,dark / light / transparent-to-solid,72 desktop / 64 mobile,top / scrolled / menu-open,"locked logo asset, nav, login, CTA",mobile menu sheet,"landmark, current links, skip link",Canonical
Website,Marketing,Hero,dark editorial / light editorial / split product,min 720 desktop,default,"eyebrow optional, H1, lead, CTAs, proof row, product visual",single column mobile; product below copy,one H1; media alt; CTAs descriptive,Canonical
Website,Marketing,ProductStage,dashboard / player / multi-device,wide,default / annotated,"browser/device frame, screenshot, callouts","crop-free, stacked on mobile",annotations readable and not color-only,Canonical
Website,Marketing,EditorialSection,dark / paper / blue / split,variable,default,"section header, grid, content blocks",12→6→1 columns,logical heading hierarchy,Canonical
Website,Marketing,UseCaseGrid,2x2 / 4-column,standard,default,"title, four use cases, previews",1 column mobile,each item has heading and useful alt,Canonical
Website,Marketing,HowItWorks,3-step / flow,standard,default,"steps, media→playlist→publish→screens flow",vertical stepper mobile,ordered list; arrows decorative,Canonical
Website,Marketing,ReliabilityPanel,dark technical / split,standard,online / offline demo,"headline, release cards, storage, reconnect",stacked mobile,plain-language status text,Canonical
Website,Marketing,SponsorShowcase,blue / dark,standard,default,"sponsor slide, rotation, screen preview, QR, package examples",vertical mobile,QR has textual URL/action alternative,Canonical
Website,Marketing,FeatureMatrix,8 feature editorial grid,standard,default,"feature titles, copy, icons","2 columns tablet, 1 mobile",icons decorative when titles exist,Canonical
Website,Marketing,ProofStrip,messages / metrics without fabrication,compact,default,"safe claims, dividers",wrap mobile,claims must be verifiable,Canonical
Website,Marketing,PricingPreview,three tiers,standard,default / featured,"tier, audience, capabilities, CTA",one column mobile,no false urgency; compare structure accessible,Canonical
Website,Marketing,FinalCTA,dark / blue / paper,standard,default,"headline, copy, primary and secondary action",stack mobile,contrast and focus visible,Canonical
Website,Marketing,MarketingFooter,full / compact,standard,default,"logo, columns, legal, status, contact",accordion optional mobile,footer landmark; headings for link groups,Canonical
Website,Marketing,ArticleHeader,knowledge / release note,reading,default,"breadcrumbs, title, dek, metadata",fluid,article heading and time semantics,Canonical
Website,Marketing,ArticleBody,editorial prose,720 max,default,"headings, paragraphs, lists, tables, callouts, code",responsive media/tables,proper semantic markup and link text,Canonical
Website,Marketing,DemoForm,short / qualified lead,560-720,idle / submitting / success / error,"fields, consent, expectation, submit",one column,errors summarized; privacy notice,Canonical
Dashboard,Control,AppShell,tenant / platform admin,fluid,default / sidebar-collapsed / offline,"sidebar, topbar, main, optional inspector",sidebar becomes sheet below 1024,landmarks and skip-to-content,Canonical
Dashboard,Control,PageHeader,standard / with tabs / with status,compact / standard,default / sticky,"breadcrumbs, title, description, actions, metadata",actions menu on mobile,single page H1,Canonical
Dashboard,Control,TenantSwitcher,compact / full,240-320,closed / open / searching,"current tenant, menu, search, roles",sheet on mobile,combobox/menu semantics,Canonical
Dashboard,Control,DashboardOverview,tenant / platform,fluid,loading / ready / degraded,"greeting, metrics, screen status, publication panel, recent items",cards stack by priority,headings and status labels,Canonical
Dashboard,Control,ScreenFleetTable,tenant / platform,standard,loading / empty / error / selected,"screen, status, playlist, release, last seen, storage, connection, action",card list under 768,sortable headers and named actions,Canonical
Dashboard,Control,ScreenDetail,overview / diagnostics / releases / events,fluid,online / offline / revoked,"header, status, current release, storage, telemetry, actions",tabs scroll or select mobile,status text; charts optional only if useful,Canonical
Dashboard,Control,PairingFlow,code / QR / confirmation,modal / page,creating / waiting / paired / expired / error,"instructions, code, QR, countdown, device summary",full-screen mobile,code spaced and readable; QR alternative,Canonical
Dashboard,Control,MediaLibrary,grid / list,fluid,loading / empty / filtering / uploading,"toolbar, filters, upload, assets, selection bar","list mobile, grid desktop",keyboard selection and upload status,Canonical
Dashboard,Control,MediaInspector,image / video / widget,360 / 440,default / editing / processing,"preview, metadata, properties, usage, actions",sheet/full-screen mobile,media alt/captions controls,Canonical
Dashboard,Control,UploadQueue,inline / global drawer,320-440,queued / uploading / processing / ready / failed,"items, progress, retry, cancel",bottom sheet mobile,live progress and persistent errors,Canonical
Dashboard,Control,PlaylistList,cards / table,fluid,loading / empty / filtering,"toolbar, cards/rows, status, actions",cards mobile,publish status explicit,Canonical
Dashboard,Control,PlaylistEditor,three-panel / two-panel / mobile sequence,fluid,draft / saving / saved / publishing / conflict,"asset library, ordered timeline, inspector, preview, actions",sequential screens under 1024,drag-and-drop has keyboard alternative,Canonical
Dashboard,Control,PlaylistTimeline,list / compact,fluid,default / dragging / selected / invalid,"items, handles, duration, type, labels, remove",single column; sticky action bar mobile,reorder buttons and announcements,Canonical
Dashboard,Control,PlayerPreview,16:9 / 9:16 / fit / fill,responsive,loading / playing / paused / error,"stage, controls, safe-zone overlay, item info",modal full-screen mobile,captions and keyboard controls,Canonical
Dashboard,Control,PublishPanel,draft / review / publishing / published / failed,standard,state machine,"release summary, affected screens, progress, warnings, actions",sticky bottom mobile,state and progress announced,Canonical
Dashboard,Control,ReleaseDiff,summary / detailed,fluid,loading / ready,"added, removed, changed assets, size, target screens",stack mobile,list semantics and textual diffs,Canonical
Dashboard,Control,ReleaseStatus,active / desired / pending / failed,compact / standard,downloading / verifying / switch-pending / active,"version, progress, files, size, last update",stack mobile,not color-only; timestamp available,Canonical
Dashboard,Control,IntegrationCard,available / connected / degraded / disconnected,grid / list,default / syncing / error,"provider, status, last sync, capabilities, action",list mobile,status and permissions clear,Canonical
Dashboard,Control,TeamTable,members / invites,standard,loading / empty / selected,"name, email, role, status, last active, actions",card list mobile,role changes confirmed and described,Canonical
Dashboard,Control,RolePicker,platform / tenant,popover / dialog,closed / open / selected / disabled,"roles, descriptions, capability hints",dialog mobile,radio semantics; consequences described,Canonical
Dashboard,Control,AuditLog,table / timeline,fluid,loading / empty / filtering,"actor, action, target, timestamp, metadata, filters",timeline mobile,timestamps semantic; details expandable,Canonical
Dashboard,Control,SettingsLayout,sidebar / tabs,fluid,default / saving / error,"section nav, forms, sticky actions",select nav mobile,current section announced,Canonical
Dashboard,Control,StorageMeter,bar / ring prohibited except overview,compact / standard,normal / warning / critical,"used, total, percentage, guidance",fluid,text values always present,Canonical
Dashboard,Control,OfflineIndicator,banner / header chip,compact,online / degraded / offline / reconnecting,"icon, text, optional retry",sticky on mobile,live region without excessive announcements,Canonical
Dashboard,Control,PermissionGuard,hidden / disabled-with-explanation / blocked page,contextual,allowed / read-only / denied,"content/action, explanation, request access",n/a,never rely only on disabled control,Canonical
Player,Playback,PlayerStage,landscape / portrait / custom,viewport,booting / unpaired / syncing / playing / offline / disabled / error,"render surface, current item, preloader, watchdog overlay hidden",true aspect-specific layouts,no controls during public playback,Canonical
Player,Playback,StartupScreen,paper plate / dark with approved inverse asset,viewport,starting / checking cache / recovering,"locked logo, message, minimal progress",scales by viewport,logo unchanged; motion reduced,Canonical
Player,Playback,UnpairedScreen,code-first / QR-first,viewport,requesting / waiting / expired / error,"logo, instruction, pairing code, QR, device info",landscape and portrait compositions,text alternative to QR; code high contrast,Canonical
Player,Playback,PairingCode,six characters,large,active / expiring / expired,"grouped code, expiry, refresh",minimum 72 px at 1080p,avoid ambiguous characters; announced as groups,Canonical
Player,Playback,PlayerDiagnostics,summary / detailed,tablet / screen,online / offline / downloading / verifying / error,"device, app, release, storage, network, last error",portrait/landscape,technical labels readable; no secrets,Canonical
Player,Playback,OfflineState,subtle diagnostics only,viewport,offline / reconnecting,"status copy, cached release, last sync, reconnect",never replaces active content,public screen continues normal content,Canonical
Player,Playback,SyncState,download / verify / switch-pending,panel,progress / complete / failed,"active release, desired release, files, bytes, status",diagnostic only,progress text and values,Canonical
Player,Playback,MatchdayTemplate,photo-led / graphic-led,16:9 / 9:16,scheduled / live / final,"eyebrow, headline, teams, time, pitch, club colors, sponsor strip",separate portrait design,large type; high contrast; no persistent Castivo mark,Canonical
Player,Playback,FixturesTemplate,table / cards,16:9 / 9:16,standard / overflow pages,"title, team, opponent, time, pitch, dressing room",paginate rather than shrink type,rows readable from distance,Canonical
Player,Playback,ResultsTemplate,table / cards,16:9 / 9:16,standard / overflow pages,"title, teams, scores, status",paginate,scores paired with team names,Canonical
Player,Playback,SponsorTemplate,single / partner-of-week / rotation,16:9 / 9:16,standard,"headline, sponsor area, short message, QR, legal optional",safe zones and true portrait,QR minimum and text alternative,Canonical
Player,Playback,AnnouncementTemplate,photo / typography / split,16:9 / 9:16,standard / urgent,"headline, short message, action, QR, image",portrait reflow,one action; no paragraph walls,Canonical
Player,Playback,CanteenTemplate,product / menu / offer,16:9 / 9:16,standard,"headline, product, price, image, CTA, optional source label",portrait reflow,price and product clear; allergens where relevant,Canonical
Player,Playback,AgendaTemplate,list / timeline / countdown,16:9 / 9:16,standard / overflow pages,"title, dates, events, location",paginate,date format consistent and readable,Canonical
Player,Playback,WelcomeTemplate,visitor / event / sponsor,16:9 / 9:16,standard,"club crest, welcome, event, wayfinding optional",true portrait,minimal copy,Canonical
Player,Playback,ScoreboardStrip,score / timer / final,landscape,pre-match / live / final,"teams, score, clock, status",hidden if unsupported,avoid flicker; high contrast,Canonical
Player,Playback,SponsorStrip,single / rotating,landscape,default,"sponsor logos/text, divider",maintain safe margins,logos remain unaltered; adequate contrast,Canonical
Player,Playback,QRBlock,light / dark,minimum 220 px at 1080p,default,"QR, quiet zone, short URL, action label",minimum 18% width portrait,test at viewing distance; text fallback,Canonical
Player,Playback,PlayerTransition,cut / fade / directional wipe / mask,300-600 ms,enter / exit,"outgoing item, incoming item",same timing all orientations,reduced-motion uses cut/fade; no flashing,Canonical
Player,Playback,SafeZoneOverlay,editor only,5% / 7.5%,hidden / visible,"title-safe, action-safe, overscan",orientation-specific,not shown in production playback,Canonical
Player,Playback,ContentFallback,missing asset / unsupported media / corrupt release,viewport,recovering / skipped / terminal,"fallback surface, safe message, telemetry marker",orientation-aware,never exposes technical stack trace publicly,Canonical
