gap_id,scene,orientation,requested_minimum,status,approved_interim_fallback,blocking_policy
FF-DISPLAY-P01-L,clubhuis bij gouden uur,landscape,7680x4320,not_delivered,FF-MKT-01 or abstract-flow,"non-blocking unless a route explicitly promises this scene"
FF-DISPLAY-P01-P,clubhuis bij gouden uur,portrait,4320x7680,not_delivered,FF-MKT-08 or abstract-flow,"non-blocking unless a route explicitly promises this scene"
FF-DISPLAY-P02-L,teamhuddle voor aftrap,landscape,7680x4320,not_delivered,abstract-flow plus real team assets,"do not fabricate"
FF-DISPLAY-P02-P,teamhuddle voor aftrap,portrait,4320x7680,not_delivered,abstract-flow plus real team assets,"do not fabricate"
FF-DISPLAY-P03-L,amateurwedstrijdactie,landscape,7680x4320,not_delivered,FF-MKT-04 or abstract-flow,"verify rights and focal point"
FF-DISPLAY-P03-P,amateurwedstrijdactie,portrait,4320x7680,not_delivered,abstract-flow,"verify rights and focal point"
FF-DISPLAY-P04-L,jeugdtraining,landscape,7680x4320,not_delivered,FF-MKT-06 or abstract-flow,"privacy and consent required"
FF-DISPLAY-P04-P,jeugdtraining,portrait,4320x7680,not_delivered,FF-MKT-06 crop or abstract-flow,"privacy and consent required"
FF-DISPLAY-P05-L,vrijwilligers in kantine,landscape,7680x4320,not_delivered,FF-MKT-03 or FF-MKT-02,"verify negative space"
FF-DISPLAY-P05-P,vrijwilligers in kantine,portrait,4320x7680,not_delivered,FF-MKT-03 crop or abstract-flow,"verify negative space"
FF-DISPLAY-P06-L,kleedkamer voor wedstrijd,landscape,7680x4320,not_delivered,abstract-flow plus real lineup assets,"do not fabricate"
FF-DISPLAY-P06-P,kleedkamer voor wedstrijd,portrait,4320x7680,not_delivered,abstract-flow plus real lineup assets,"do not fabricate"
FF-DISPLAY-P07-L,publiek langs de lijn,landscape,7680x4320,not_delivered,FF-MKT-06 or abstract-flow,"privacy and consent required"
FF-DISPLAY-P07-P,publiek langs de lijn,portrait,4320x7680,not_delivered,FF-MKT-06 crop or abstract-flow,"privacy and consent required"
FF-DISPLAY-P08-L,abstract terrein en veldmarkering,landscape,7680x4320,not_delivered,code-native abstract-flow,"preferred interim fallback"
FF-DISPLAY-P08-P,abstract terrein en veldmarkering,portrait,4320x7680,not_delivered,code-native abstract-flow,"preferred interim fallback"
FF-DISPLAY-P09-L,aankomst bij sportpark,landscape,7680x4320,not_delivered,FF-MKT-01 or abstract-flow,"data and logos remain overlays"
FF-DISPLAY-P09-P,aankomst bij sportpark,portrait,4320x7680,not_delivered,FF-MKT-08 or abstract-flow,"data and logos remain overlays"
FF-DISPLAY-P10-L,community- of sponsormoment,landscape,7680x4320,not_delivered,FF-MKT-05 or FF-MKT-06,"official creative remains separate"
FF-DISPLAY-P10-P,community- of sponsormoment,portrait,4320x7680,not_delivered,FF-MKT-05 crop or abstract-flow,"official creative remains separate"
FF-EXACT-LOCKUP,ronde VeyoCast-lock-up uit exacte targets,web/desktop,approved locked vector master,user_superseded_target_identity_2026-09-04,officiële locked VeyoCast icon/lock-up,"resolved by explicit user instruction: retain the current approved locked VeyoCast icon and lock-up; never reconstruct recolor or derive"
FF-EXACT-HERO-L,exacte sunset-clubhousehero uit marketingtarget,landscape,1905px target crop or higher source,user_accepted_approved_alternative_2026-09-04,FF-PHOTO-01-clubhouse-exterior-3840x2160-web.webp,"accepted approved substitute; target layout and crop remain the composition reference"
FF-EXACT-HUDDLE-L,exacte teamhuddle uit dashboard Studio en marketingtarget,landscape,1920px target crop or higher source,user_accepted_approved_alternative_2026-09-04,FF-PHOTO-06-community-3840x2560-web.webp,"accepted approved substitute; no fabricated team or customer claim"
FF-EXACT-TACTICS-L,exacte tactiek-/clubvrijwilligersfoto uit marketingtarget,landscape,1905px target crop or higher source,user_accepted_approved_alternative_2026-09-04,FF-PHOTO-05-sponsor-hub-3840x2160-web.webp,"accepted approved substitute; target layout and crop remain the composition reference"
FF-EXACT-CTA-L,exacte donkere barfoto uit onderste marketing-CTA,landscape,1905px target crop or higher source,user_accepted_approved_alternative_2026-09-04,FF-PHOTO-04-matchday-live-3840x2160-web.webp,"accepted approved substitute; retain the 16:9 derivative for the desktop CTA composition"
