asset_id,title_nl,source_file,master_file,orientation,primary_use,secondary_use,focal_point,text_safe_zone,screen_composite,alt_text_nl,ai_generated,approval,rights_status,runtime_directory,derivatives,status
FF-PHOTO-01,Clubhuis in ochtendlicht,FF-PHOTO-01-clubhouse-exterior-source.png,FF-PHOTO-01-clubhouse-exterior-3840x2160.jpg,landscape 16:9,Homepage hero,Voor clubs,rechterhelft,linksboven en links-midden,nee,Modern clubhuis bij een sportveld waar vrijwilligers en gezinnen aankomen,yes,approved in supplied transfer package,project-approved generic AI image,/fieldflow/photos/,3840x2160-web;21x9;4x5;og-1200x630,IMPORTED
FF-PHOTO-02,Rustige clubkantine met scherm,FF-PHOTO-02-club-canteen-source.png,FF-PHOTO-02-club-canteen-3840x2160.jpg,landscape 16:9,Product en ClubTV,Schermen,rechts-midden,linksboven,alleen met echte actuele productcapture,Clubkantine met bezoekers en een groot digitaal scherm aan de muur,yes,approved in supplied transfer package,project-approved generic AI image,/fieldflow/photos/,3840x2160-web;3x2,IMPORTED
FF-PHOTO-03,Vrijwilliger werkt in Studio,FF-PHOTO-03-volunteer-studio-source.png,FF-PHOTO-03-volunteer-studio-3840x2560.jpg,landscape 3:2,Studio,Contentbeheer,midden-rechts,linksboven,alleen met echte actuele productcapture,Vrijwilliger werkt op een laptop in een clubkantine met zicht op het sportveld,yes,approved in supplied transfer package,project-approved generic AI image,/fieldflow/photos/,3840x2560-web;4x5;9x16,IMPORTED
FF-PHOTO-04,Wedstrijddag met live scherm,FF-PHOTO-04-matchday-live-source.png,FF-PHOTO-04-matchday-live-3840x2160.jpg,landscape 16:9,LED Scores en live content,ClubTV,linksboven,rechteronderhoek,alleen met echte actuele productcapture,Bezoekers in een clubkantine tijdens een wedstrijddag naast een groot scherm,yes,approved in supplied transfer package,project-approved generic AI image,/fieldflow/photos/,3840x2160-web;4x5,IMPORTED
FF-PHOTO-05,Sponsorcommissie in overleg,FF-PHOTO-05-sponsor-hub-source.png,FF-PHOTO-05-sponsor-hub-3840x2160.jpg,landscape 16:9,Sponsor,Sponsorcampagnes,linksmidden,rechts op scherm na compositing,alleen met echte actuele productcapture,Twee vrijwilligers bespreken sponsorinformatie naast een digitaal scherm,yes,approved in supplied transfer package,project-approved generic AI image,/fieldflow/photos/,3840x2160-web;4x5,IMPORTED
FF-PHOTO-06,Verenigingsgemeenschap,FF-PHOTO-06-community-source.png,FF-PHOTO-06-community-3840x2560.jpg,landscape 3:2,Voor clubs,Over VeyoCast,midden,beperkt gebruik als full bleed,nee,Jeugdspelers ouders en vrijwilligers bereiden samen een training voor,yes,approved in supplied transfer package,project-approved generic AI image,/fieldflow/photos/,3840x2560-web;4x5,IMPORTED
FF-PHOTO-07,Multi-zone clubaccommodatie,FF-PHOTO-07-multi-zone-source.png,FF-PHOTO-07-multi-zone-3840x2160.jpg,landscape 16:9,Schermen en locaties,Monitoring,links en rechts,bovenmidden,alleen met echte actuele productcapture,Ruime clubaccommodatie met een liggend en een staand digitaal scherm,yes,approved in supplied transfer package,project-approved generic AI image,/fieldflow/photos/,3840x2160-web;21x9,IMPORTED
FF-PHOTO-08,Portraitscherm bij entree,FF-PHOTO-08-portrait-entrance-source.png,FF-PHOTO-08-portrait-entrance-2160x3840.jpg,portrait 9:16,Planning en publiceren,Entreecommunicatie,middenboven,linksonder,alleen met echte actuele productcapture,Staand digitaal scherm bij de entree van een sportclub,yes,approved in supplied transfer package,project-approved generic AI image,/fieldflow/photos/,2160x3840-web;4x5,IMPORTED
FF-PHOTO-09,Scherm koppelen met telefoon,FF-PHOTO-09-pairing-source.png,FF-PHOTO-09-pairing-3840x2160.jpg,landscape 16:9,Pairing,Control Mobile,telefoon links en scherm rechts,bovenmidden,alleen met echte actuele productcapture,Vrijwilliger koppelt een televisiescherm met een smartphone,yes,approved in supplied transfer package,project-approved generic AI image,/fieldflow/photos/,3840x2160-web;4x5,IMPORTED
FF-PHOTO-10,Betrouwbare avondweergave,FF-PHOTO-10-offline-lkg-source.png,FF-PHOTO-10-offline-lkg-3840x2160.jpg,landscape 16:9,Offline en last-known-good,Playerbetrouwbaarheid,rechtsboven,linksboven,alleen met echte actuele productcapture,Verlicht clubhuis in de avond met een actief scherm en gesloten laptop,yes,approved in supplied transfer package,project-approved generic AI image,/fieldflow/photos/,3840x2160-web;3x2,IMPORTED
