"asset_class","source_or_producer","primary_consumers","accepted_form","required_renditions","crop_and_focal_policy","immutable_snapshot_rule","offline_rule","rights_privacy_rule","fallback","fieldflow_treatment","validation"
"veyocast_official_logo","locked repository asset","masthead; Player watermark; system states","existing bytes only","existing approved variants only","no crop; no redraw; no recolor; whole-asset rotation/glow only if separately approved","snapshot/reference keeps approved exact asset","must be bundled/local","VeyoCast-owned locked asset","approved locked variant","40% opacity bottom-left watermark during normal playback; normal masthead sizing elsewhere","byte hash test and screenshot position test"
"tenant_club_logo","tenant media library","masthead; team/club identity; Engage; arrivals; Studio","ready image asset per existing contracts","landscape/portrait display derivatives up to Player needs","contain by default; preserve aspect; optical padding; no automatic recolor","media asset ID frozen into release/snapshot","must resolve before publish and be LKG-ready","tenant confirms rights","monogram/club name; never broken image","LogoPlate with resolved light/dark quiet plate","ready-state; transparent edge; extreme aspect ratio; offline"
"team_home_logo","provider or tenant media mapping","program; results; match; LED score/moments","ready image asset; contract extension required","display derivative plus poster inclusion","contain; no crop/recolor","home logo media ID and resolved URL frozen","collect in immutable asset manifest","provider/tenant rights","team initials in identical geometry","TeamLockup home slot","missing/expired/provider mismatch; modern/LG parity"
"team_away_logo","provider or tenant media mapping","program; results; match; LED score/moments","ready image asset; contract extension required","display derivative plus poster inclusion","contain; no crop/recolor","away logo media ID and resolved URL frozen","collect in immutable asset manifest","provider/tenant rights","team initials in identical geometry","TeamLockup away slot","missing/expired/provider mismatch; modern/LG parity"
"provider_logo","Sportlink/LED/news provider mapping","news source; arrivals; provider attribution","ready local image","display derivative","contain; never distort","provider asset reference frozen","local cache required","provider license/attribution","text source label","small attribution lockup; never primary brand","presence/absence; contrast; offline"
"sponsor_creative","Sponsor Hub or per-slide upload","all six sponsor positions; sport sponsor; arrivals; Studio","approved image/video with poster where needed","orientation-specific derivative/poster","contain on quiet plate; no automatic crop/recolor","approved creative ID/revision frozen; Proof of Play preserved","ready creative and poster required","approval, rights and campaign window","house creative or hide/skip per policy","SponsorSlot with optical sizing and collision-safe padding","extreme aspect; transparency; missing; cap/cooldown; PoP"
"news_hero","RSS/provider/tenant","hero_split; fullscreen_gradient","image asset with width/height and focal point","landscape and portrait focal derivatives","intrinsic/contain default; intentional crop only with focal; overlay verified","asset reference/focal frozen per article snapshot","content-addressed local derivative required","source rights and attribution","abstract-flow background; text-only composition","MediaStage; never globally darkened","low contrast; faces near edge; missing; portrait crop"
"news_thumbnail","RSS/provider/tenant","news_grid","image asset","grid thumbnail derivatives","controlled crop with focal/center fallback","frozen with article","local derivative required","source rights/attribution","tonal placeholder","FieldFlow thumbnail plate","1/12 cards; broken image; slow provider"
"news_qr","local content-addressed QR generator","all linked news variants","high-contrast raster or safe SVG generated locally","logical minimum around 220 px at 1080p plus four-module quiet zone","no crop; preserve square and modules","target URL and QR asset frozen with article/page","must be generated before publish or runtime from frozen URL with deterministic fallback","URL policy; no sensitive payload","short readable URL and action label","shared QrBlock","decode after scaling; quiet zone; dark/light; long URL"
"menu_product_image","tenant/Twelve/manual source","legacy menu; price list; Menu Document v2","ready image","product/card derivatives","contain or user-selected focal crop; honor photo show/reserve-empty","media ID frozen into document version","must be collected; stable geometry if missing","tenant/provider rights","reserved empty media zone or no-photo variant","MediaStage/product thumbnail","missing; extreme ratio; hidden/locked; 200 products"
"menu_block_video","tenant media","Menu Document v2 video block","MP4 with required poster","video plus poster","honor block appearance/focal","asset and poster IDs frozen","poster always available; video offline per existing media policy","tenant rights","poster; then semantic unavailable state","no added theme overlay over frames","legacy support; decode failure; orientation"
"menu_block_image_logo","tenant media","Menu Document v2 image/logo blocks","ready image","display derivative","honor contain/crop/focal and locked geometry","asset ID frozen","local required","tenant rights","placeholder or hidden according block policy","quiet plate for logo; MediaStage for image","all floating block types in modern and LG"
"birthday_person_photo","tenant/provider","birthday spotlight/grid","ready consented image","portrait-safe and landscape-safe derivative","face-aware focal only when supplied/approved; no surprise crop","photo ID frozen into selected person/page","local ready asset required","explicit privacy/consent; no new PII","initials/monogram avatar","restrained portrait frame","missing consent/photo; long name; 1-8 per page"
"birthday_background","tenant or FieldFlow generated","birthday pages","ready image or code-native background","orientation-specific derivative if image","focal point plus contrast overlay","background ID/settings frozen","local or code-native only","tenant rights","abstract-flow birthday variant","low-contrast support, never overwhelms names","contrast; missing asset; reduced motion"
"arrival_sponsor_asset","arrival wizard/Sponsor Hub","visitor and referee arrivals","approved ready image","display derivative","contain; no crop/recolor","sponsorMediaAssetId frozen and collected","local ready required","campaign/rights approval","hide sponsor slot without collapsing primary content","small SponsorSlot","showSponsor false/true; missing; legacy parity"
"led_background_media","LED scene editor","live match and moment overlays","image/video permitted by scene contract; poster for video","separate landscape/portrait where configured","honor solid/gradient/media choice and crop","scene revision and asset IDs frozen","local/poster required for fallback","tenant rights","resolved FieldFlow solid/gradient","background layer below readable content","missing video; poster; modern/LG; underlay mode"
"led_scorer_photo","provider enrichment or tenant mapping","goal moment","ready image if available","overlay derivative","contain/focal portrait frame","resolved enrichment frozen for event/fallback as contract permits","local/cache policy per existing live system","provider/subject rights","monogram or no-photo layout","optional MediaStage; layout must not reserve empty hole","missing/late enrichment; replay; durable ack"
"studio_user_media","tenant Studio upload","user-created Studio designs","existing supported image/video assets","render-target derivatives and posters","respect element transforms; no automatic recrop","design revision and rendered output immutable","rendered PNG/MP4/poster is Player-ready","tenant rights","existing Studio missing-asset behavior plus clear editor error","FieldFlow only on new system templates or opt-in copied revision","render determinism; max 30s; both formats"
"studio_fieldflow_system_assets","repository/template package","22 FieldFlow system templates","local approved assets and locked logos","landscape and portrait","template-specific safe focal positions","template version frozen when design is instantiated/published","bundle locally; no remote dependency","cleared/generated assets only","code-native abstract-flow or neutral placeholder","category-specific but shared design system","template snapshot tests; no external URLs"
"raw_slide_image","tenant media","image slide","existing accepted image types","Player derivative up to existing 1080p pipeline","user-selected contain/cover/focal","asset and slide settings frozen","ready/local before publish","tenant rights","error/poster/LKG policy","do not alter pixels; only canvas background/status","fit; focal; expired asset; offline"
"raw_slide_video","tenant media","video slide","existing MP4/H.264/AAC pipeline","video plus poster","user-selected fit/focal and trim","asset/settings/poster frozen","poster and LKG required","tenant rights","poster then LKG/recovery","do not alter frames","decode; trim; mute; offline; legacy"
"fieldflow_font_files","repository-bundled OFL catalog","modern renderer; LG; Control preview; Studio templates","local WOFF/WOFF2 or existing bundled files","weights/styles actually used","not applicable","font IDs and resolved stack frozen with theme snapshot","all fonts local; system fallback deterministic","OFL/license records retained","approved system fallback stack","display/body/data roles; bounded scale","document.fonts readiness; missing font; LG; poster capture"
"fieldflow_abstract_background","code-native CSS/SVG in repository","all FieldFlow slide/system families","local CSS/SVG only","light/dark and orientation parameterization","no raster crop; geometry adapts to logical canvas","resolved tokens/settings frozen","always available offline","repository-owned code asset","solid semantic canvas","1-4% contour contrast; no literal pitch/dot grid/neon","contrast; reduced motion; 1080p/4K; LG-supported syntax"
"fieldflow_qr_generic","local QR generator","Engage; Studio social; any explicit CTA","deterministic local QR","logical minimum and quiet zone per QrBlock","no crop; square only","target/action frozen into snapshot/revision","must work without remote generator","URL/privacy validation","short URL and text CTA","shared QrBlock","decode at viewing-scale; collision; modes"
"user_led_canvas_assets","tenant LED canvas","advanced user-created moments","scene-contract image/video assets","orientation scene assets and posters","preserve user transforms and bindings","scene revision immutable","local/poster/fallback required","tenant rights","existing scene fallback","do not auto-restyle; offer copied FieldFlow basis","all layer/binding types; legacy; durable ack"
