"control","editor","schema","database_rpc","immutable_snapshot","asset_manifest","viewmodel","modern_renderer","static_lg","preview_capture","tests","status"
"style.fieldflow","FieldFlowStyleStep; tenant settings","themeSelectionSchema; editorialThemeConfigSchema","tenant settings + dynamic authoring FieldFlow triggers","themePresentation selection/ref + resolvedMode","local font/token assets","resolveThemeDefinition + themeToEditorialTokens","EditorialArenaRenderer CSS variables","theme catalog payload + resolved legacy variables","live preview + media-worker Resvg","fieldflow-coverage; theme-catalog; RLS theme tests","IMPLEMENTED"
"style.modePolicy","tenant settings; EditorialThemeEditor","themeModePolicySchema","update_tenant_settings_v1; slide/version RPCs","themePresentation.resolvedMode frozen at publication","N/A: no media asset","theme presentation","theme CSS variables","resolved mode from snapshot","dual-orientation live preview; deterministic capture","theme-catalog; RLS theme-engine","IMPLEMENTED"
"style.accentSupport","tenant settings; EditorialThemeEditor","themeSelectionSchema","settings and versioned authoring RPCs","selection accent/support plus resolved tokens","N/A: color token","themeToEditorialTokens","semantic --vc/--ff variables","pre-resolved semantic variables","preview and Resvg token bridge","contrast; schema; RLS versioning","IMPLEMENTED"
"sport.display.columns","Sportlink bulk + version editor","sportlinkDisplayConfigSchema","create_sportlink_slide_batch_v2; version RPC","sport.displayConfig.columns","N/A","sportDisplay.columns; deterministic page size","SportListColumns","legacy fixture/result data-columns","WizardPreview + dynamic preview","dynamic-template-view; LG route; RLS sportlink","IMPLEMENTED"
"sport.display.showDressingRoom","Sportlink bulk + version editor","sportlinkDisplayConfigSchema","same RPCs","sport.displayConfig.showDressingRoom","N/A","sportDisplay.showDressingRoom","ProgramRow","legacy fixture details","dynamic preview","dynamic-template-view; LG route; RLS sportlink","IMPLEMENTED"
"sport.display.showField","Sportlink bulk + version editor","sportlinkDisplayConfigSchema","same RPCs","sport.displayConfig.showField","N/A","sportDisplay.showField","ProgramRow","legacy fixture details","dynamic preview","dynamic-template-view; LG route; RLS sportlink","IMPLEMENTED"
"sport.display.showHomeAway","Sportlink bulk + version editor","sportlinkDisplayConfigSchema","same RPCs","sport.displayConfig.showHomeAway","N/A","sportDisplay.showHomeAway","ProgramRow + ResultRow","legacy fixture/result team labels","dynamic preview","dynamic-template-view; LG route; RLS sportlink","IMPLEMENTED"
"sport.display.showReferee","Sportlink bulk + version editor","sportlinkDisplayConfigSchema","same RPCs","sport.displayConfig.showReferee + officials","N/A","sportDisplay.showReferee","ProgramRow","legacy fixture officials","dynamic preview","dynamic-template-view; LG route; RLS sportlink","IMPLEMENTED"
"sport.arrival.showClubLogo","SportlinkArrivalFields","sportlinkArrivalConfigSchema","Sportlink batch/version RPC","sport.arrivalConfig.showClubLogo; item logo projection","club/provider logo content-addressed fallback","listItem.logoUrl","arrival cards","legacy-arrival-logo-mark","dynamic preview + render capture","Sportlink sync; Player; LG route; RLS","IMPLEMENTED"
"sport.arrival.showSponsor","SportlinkArrivalFields","sportlinkArrivalConfigSchema","Sportlink batch/version RPC","sport.arrivalConfig.showSponsor","conditional sponsor asset","arrivalSponsorUrl","arenaArrivalSponsor quiet plate","legacy-arrival-sponsor quiet plate","dynamic preview + PNG","worker asset tests; Player collector; RLS","IMPLEMENTED"
"sport.arrival.sponsorMediaAssetId","SportlinkArrivalFields media picker","UUID + arrival config schema","Sportlink batch/version RPC","content-addressed sponsor ID","media worker + Player collectors","arrivalSponsorUrl","contained sponsor slot","contained legacy sponsor slot","dynamic preview + PNG","worker; Player collector; RLS","IMPLEMENTED"
"sport.team.homeAwayLogos","Sportlink provider projection","snapshot JSON UUID contract","private snapshot builder wrapper","homeLogoMediaAssetId + awayLogoMediaAssetId","worker/Player/Control collectors","homeLogoUrl + awayLogoUrl","TeamMini/TeamBadge","renderLegacyTeamMini/renderMatchTeam","preview server resolution + PNG","worker; view; Player collector; LG route; RLS","IMPLEMENTED"
"news.variant","slide composer","editorialNewsVariantSchema","create/preview dynamic slide RPC","editorial.newsVariant","hero asset optional","newsVariant + variant pages","four data-news-variant compositions","four explicit legacy compositions","live preview + media-worker","view tests; coverage; LG route","IMPLEMENTED"
"news.qr.link","slide composer/source canonical link","safe URL + QR snapshot schema","snapshot builder + local QR generation","article.link + qrMediaAssetId","content-addressed QR with margin=4","qrUrl + readable link","220px QrBlock + label/URL","220px legacy QR + label/URL","PNG/poster uses same QR asset","QR route; worker; view; LG route","IMPLEMENTED"
"news.media.focalPoint","slide composer focal editor","editorialFocalPointSchema","dynamic slide authoring RPC","article.imageFocalPoint","hero rendition","DynamicTemplateNewsItem.imageFocalPoint","object-position","legacy object-position","preview/capture share frozen value","view + media worker tests","IMPLEMENTED"
"birthday.presentation","birthday wizard","sportlinkBirthdayConfigurationSchema","birthday create/version RPC","sport.configuration.presentation","background/photo/logo conditional assets","birthday configuration + resolved layout","BirthdayPage/Backdrop","legacy birthday renderer","orientation preview + PNG","birthday state/view/player/RLS tests","IMPLEMENTED"
"birthday.visibility","birthday wizard","birthday selection schema","birthday create/version RPC","selection showAge/showDate/showDayOfWeek/showPhoto/showRole/showTeam","photo only when visible","resolveBirthdayItems","BirthdayCard","legacy birthday projection","preview + PNG","birthday view and RLS tests","IMPLEMENTED"
"menu.v2.appearance","Menu Studio inspector","MenuDocumentV2 schema","save_menu_studio_command_v2","block appearance/locked/hidden/orientation","conditional block assets and video posters","resolveMenuScenePages","MenuSceneCanvas","legacy block-specific renderer","same DOM-measured preview/capture","menu-scene; Menu Studio; LG route; RLS","IMPLEMENTED"
"menu.v2.focalPoint","Menu Studio media inspector","MenuDocumentV2 focal schema","save_menu_studio_command_v2","block focal per orientation","image/video poster asset","MenuSceneAsset + resolved block","object-position","legacy object-position","live canvas + capture","menu-scene; worker; LG route","IMPLEMENTED"
"menu.v2.sourcePolicies","Menu Studio source controls","MenuDocumentV2 product/source schema","menu RPC validation","providerSnapshot + linked/manual/Twelve policies","product/photo assets","resolved product nodes","MenuScene product/category rows","legacy product/category rows","DOM measured preview + PNG","menu-scene; Menu Studio; RLS","IMPLEMENTED"
"led.live.controls","LED live editor","ledScoresLiveMatchConfigurationSchema","versioned LED RPCs","configuration + bounded fallback state","team/scene media collected","parse live config","match_center + scoreboard","legacy live match parser/renderer","LED preview + poster","LED state/delivery/Player tests","IMPLEMENTED"
"led.scene.bindings","LED canvas editor","scene/layer binding schemas","LED revision RPC","eight orientation scene pairs + bindings","background/image/sound assets","resolved scene graph","LedScoresCanvasScene","legacy bounded fallback","canvas preview + render poster","canvas state; media policy; Player tests; RLS","IMPLEMENTED"
"sponsor.position","Sponsor Hub","sponsor position enum","versioned sponsor plan RPC","immutable plan placement","approved contained creative + house fallback","player sponsor plan","collision-aware overlays","legacy/context-safe fallback","thumbnail/player preview","sponsor hub RLS + Player sponsor tests","IMPLEMENTED"
"rawMedia.fitFocalTiming","playlist item editor","playlist item schemas","playlist revision/publication RPC","immutable manifest fit/crop/timing/trim/volume","normalized source + checksum","PlayerManifestItem","native media element","legacy media element","playlist preview","Player manifest/cache/offline tests","IMPLEMENTED"
"youtube.onlineFallback","playlist editor","YouTube binding schema","playlist publication RPC","privacyEnhanced online binding + local fallback","fallback media checksum","PlayerManifestItem.onlinePlayback","muted no-controls embed","safe offline fallback","playlist preview","YouTube RLS + Player tests","IMPLEMENTED"
