surface,current_route,target_route,audience,capability,classification,status,redirect,tests,rollback
control_public,/,/,anonymous_or_authenticated,public,RETAIN,VERIFIED_LOCAL,NONE,web+auth-routing+a11y,fieldflow-flag-off+preserve-route
control_auth,/login,/login,anonymous,public,RETAIN,VERIFIED_LOCAL,NONE,web+auth+a11y,auth-flag-off+preserve-contract
control_auth,/register,/register,anonymous,public,RETAIN,VERIFIED_LOCAL,NONE,web+validation+terms+a11y,auth-flag-off+preserve-contract
control_auth,/forgot-password,/forgot-password,anonymous,public,RETAIN,VERIFIED_LOCAL,NONE,web+neutral-response+a11y,auth-flag-off+preserve-contract
control_auth,/auth/reset-password,/auth/reset-password,reset_session,public,RETAIN,VERIFIED_LOCAL,NONE,web+expired-link+session+a11y,auth-flag-off+preserve-contract
control_auth,/auth/callback,/auth/callback,auth_callback,public,RETAIN,VERIFIED_LOCAL,NONE,callback+safe-return+open-redirect,auth-flag-off+preserve-contract
control_auth,/auth/mfa,/auth/mfa,authenticated_user,authenticated,RETAIN,VERIFIED_LOCAL,NONE,mfa+aal2+safe-return+a11y,auth-flag-off+preserve-mfa
control_auth,/accept-invite,/accept-invite,invite_recipient,public,RETAIN,VERIFIED_LOCAL,NONE,invite-states+role-context+a11y,auth-flag-off+preserve-invite
control_context,/context,/context,authenticated_user,authenticated,CONTEXTUALIZE,VERIFIED_LOCAL,NONE,tenant-selection+role-boundary+a11y,shell-flag-off+preserve-route
control_onboarding,/onboarding,/onboarding,tenant_user,authenticated,REPLACE,VERIFIED_LOCAL,NONE,wizard-resume+validation+a11y,onboarding-flag-off+preserve-data
control_pairing,/mobile/pair,/mobile/pair,tenant_user,tenant.screen.manage,RETAIN,VERIFIED_LOCAL,NONE,code+query+handoff+a11y,pairing-flag-off+preserve-contract
control_public,/engage/[publicId],/engage/[publicId],public_participant,public,RETAIN,VERIFIED_LOCAL,NONE,public-id+privacy+performance+a11y,public-flag-off+preserve-contract
control_tenant,/dashboard,/dashboard,tenant_member,tenant.overview.read,RENAME,VERIFIED_LOCAL,NONE,web+authz+states+a11y,shell-flag-off+preserve-route
control_tenant,/dashboard/pilot,/dashboard,internal_operator,tenant.overview.read,DEPRECATE,VERIFIED_LOCAL,PENDING_EVIDENCE_THEN_308_TO_/dashboard,dependency-proof+one-hop+query-hash+authz,remove-redirect+restore-flag
control_tenant,/dashboard/studio,/dashboard/studio,tenant_creator,tenant.studio.read,RETAIN,VERIFIED_LOCAL,NONE,web+authz+states+a11y,studio-flag-off+preserve-contract
control_tenant,/dashboard/studio/new,/dashboard/studio/new,tenant_creator,tenant.studio.create,RETAIN,VERIFIED_LOCAL,NONE,create+validation+authz+a11y,studio-flag-off+preserve-contract
control_tenant,/dashboard/studio/[designId],/dashboard/studio/[designId],tenant_creator,tenant.studio.read,RETAIN,VERIFIED_LOCAL,NONE,editor+save+recovery+authz+keyboard,editor-flag-off+preserve-output
control_tenant,/dashboard/studio/led-scores,/dashboard/studio/led-scores,tenant_creator,tenant.dynamic_slide.read,CONTEXTUALIZE,VERIFIED_LOCAL,NONE,source-deeplink+recovery+publish-authz+a11y,led-flag-off+preserve-contract
control_tenant,/dashboard/studio/sportlink/new,/dashboard/studio/sportlink/new,tenant_creator,tenant.data_source.manage,CONTEXTUALIZE,VERIFIED_LOCAL,NONE,source-deeplink+wizard+idempotency+authz,sportlink-flag-off+preserve-contract
control_tenant,/dashboard/studio/sportlink/birthdays/new,/dashboard/studio/sportlink/birthdays/new,tenant_creator,tenant.data_source.manage,CONTEXTUALIZE,VERIFIED_LOCAL,NONE,source-deeplink+lkg+wizard+authz,sportlink-flag-off+preserve-contract
control_tenant,/dashboard/slides,/dashboard/slides,tenant_creator,tenant.dynamic_slide.read,MOVE,VERIFIED_LOCAL,NONE,web+authz+versions+states+a11y,slides-flag-off+preserve-contract
control_tenant,/dashboard/slides/new,/dashboard/slides/new,tenant_creator,tenant.dynamic_slide.write,CONTEXTUALIZE,VERIFIED_LOCAL,NONE,family-routing+wizard+validation+authz,slides-flag-off+preserve-output
control_tenant,/dashboard/slides/[slideId],/dashboard/slides/[slideId],tenant_creator,tenant.dynamic_slide.read,RETAIN,VERIFIED_LOCAL,NONE,detail+versions+authz+a11y,slides-flag-off+preserve-contract
control_tenant,/dashboard/slides/[slideId]/edit,/dashboard/slides/[slideId]/edit,tenant_creator,tenant.dynamic_slide.write,RETAIN,VERIFIED_LOCAL,NONE,editor+save+conflict+authz+keyboard,editor-flag-off+preserve-output
control_tenant,/dashboard/slides/menu-studio/new,/dashboard/slides/menu-studio/new,tenant_creator,tenant.dynamic_slide.write,RETAIN,VERIFIED_LOCAL,NONE,create+products+authz+a11y,menu-flag-off+preserve-output
control_tenant,/dashboard/slides/menu-studio/[slideId],/dashboard/slides/menu-studio/[slideId],tenant_creator,tenant.dynamic_slide.write,RETAIN,VERIFIED_LOCAL,NONE,editor+save+recovery+authz+keyboard,menu-flag-off+preserve-output
control_tenant,/dashboard/media,/dashboard/media,tenant_member,tenant.media.read,RETAIN,VERIFIED_LOCAL,NONE,grid-list+search+upload+authz+a11y,media-flag-off+preserve-actions
control_tenant,/dashboard/playlists,/dashboard/playlists,tenant_member,tenant.playlist.read,RETAIN,VERIFIED_LOCAL,NONE,web+search+states+authz+a11y,playlists-flag-off+preserve-contract
control_tenant,/dashboard/playlists/[playlistId],/dashboard/playlists/[playlistId],tenant_editor,tenant.playlist.write,RETAIN,VERIFIED_LOCAL,NONE,editor+recovery+ordering+conflict+authz,playlist-editor-flag-off+preserve-draft
control_tenant,/dashboard/playlists/[playlistId]/publish,/dashboard/playlists/[playlistId]/publish,tenant_publisher,tenant.playlist.publish,RETAIN,VERIFIED_LOCAL,NONE,preflight+selector+immutable-release+authz+a11y,publish-flag-off+preserve-release
control_tenant,/dashboard/templates,/dashboard/playlist-templates,tenant_editor,tenant.playlist.read,MOVE,VERIFIED_LOCAL,308_TO_/dashboard/playlist-templates+PRESERVE_QUERY_HASH,one-hop+query-hash+authz+deep-link,remove-redirect+restore-/dashboard/templates
control_tenant,/dashboard/screens,/dashboard/screens,tenant_member,tenant.screen.read,RETAIN,VERIFIED_LOCAL,NONE,fleet+health+offline+authz+a11y,screens-flag-off+preserve-contract
control_tenant,/dashboard/screens/new,/dashboard/screens/new,tenant_operator,tenant.screen.manage,RETAIN,VERIFIED_LOCAL,NONE,pairing+qr+expiry+authz+a11y,pairing-flag-off+preserve-contract
control_tenant,/dashboard/screens/[screenId],/dashboard/screens/[screenId],tenant_operator,tenant.screen.read,RETAIN,VERIFIED_LOCAL,NONE,detail+health+commands+automation+authz,screen-detail-flag-off+preserve-contract
control_tenant,/dashboard/screen-groups,/dashboard/screens/groups,tenant_operator,tenant.screen.read,MOVE,VERIFIED_LOCAL,308_TO_/dashboard/screens/groups+PRESERVE_QUERY_HASH,one-hop+query-hash+authz+deep-link,remove-redirect+restore-/dashboard/screen-groups
control_tenant,/dashboard/planning,/dashboard/planning,tenant_scheduler,tenant.playlist.read,RETAIN,VERIFIED_LOCAL,NONE,timezone+recurrence+conflict+authz+a11y,planning-flag-off+preserve-contract
control_tenant,/dashboard/releases,/dashboard/publications,tenant_member,tenant.release.read,RENAME,VERIFIED_LOCAL,308_TO_/dashboard/publications+PRESERVE_QUERY_HASH,one-hop+query-hash+authz+immutable,remove-redirect+restore-/dashboard/releases
control_tenant,/dashboard/releases/[releaseId],/dashboard/publications/[releaseId],tenant_member,tenant.release.read,RENAME,VERIFIED_LOCAL,308_TO_/dashboard/publications/[releaseId]+PRESERVE_QUERY_HASH,one-hop+dynamic-param+authz+immutable,remove-redirect+restore-legacy-detail
control_tenant,/dashboard/integrations,/dashboard/sources,tenant_member,tenant.product.read,MERGE,VERIFIED_LOCAL,308_TO_/dashboard/sources+PRESERVE_QUERY_HASH,one-hop+query-hash+authz+deep-link,remove-redirect+restore-/dashboard/integrations
control_tenant,/dashboard/integrations/youtube,/dashboard/sources/youtube,tenant_source_manager,tenant.data_source.read,MOVE,VERIFIED_LOCAL,308_TO_/dashboard/sources/youtube+PRESERVE_QUERY_HASH,one-hop+query-hash+authz+fallback,remove-redirect+restore-legacy-route
control_tenant,/dashboard/integrations/twelve-products,/dashboard/sources/twelve/products,tenant_product_manager,tenant.product.read,MOVE,VERIFIED_LOCAL,308_TO_/dashboard/sources/twelve/products+PRESERVE_QUERY_HASH,one-hop+query-hash+authz+deep-link,remove-redirect+restore-legacy-route
control_tenant,/dashboard/integrations/twelve-products/imports/[importId],/dashboard/sources/twelve/imports/[importId],tenant_product_manager,tenant.product.read,MOVE,VERIFIED_LOCAL,308_TO_/dashboard/sources/twelve/imports/[importId]+PRESERVE_QUERY_HASH,one-hop+dynamic-param+authz+import-state,remove-redirect+restore-legacy-route
control_tenant,/dashboard/products,/dashboard/sources/twelve/products,tenant_product_manager,tenant.product.read,MERGE,VERIFIED_LOCAL,308_DIRECT_TO_/dashboard/sources/twelve/products+PRESERVE_QUERY_HASH,one-hop+no-chain+query-hash+authz,remove-final-redirect+restore-intermediate
control_tenant,/dashboard/products/imports/[importId],/dashboard/sources/twelve/imports/[importId],tenant_product_manager,tenant.product.read,MERGE,VERIFIED_LOCAL,308_DIRECT_TO_/dashboard/sources/twelve/imports/[importId]+PRESERVE_QUERY_HASH,one-hop+no-chain+dynamic-param+authz,remove-final-redirect+restore-intermediate
control_tenant,/dashboard/data-sources,/dashboard/sources,tenant_member,tenant.data_source.read,MERGE,VERIFIED_LOCAL,308_TO_/dashboard/sources+PRESERVE_QUERY_HASH,one-hop+query-hash+authz+deep-link,remove-redirect+restore-/dashboard/data-sources
control_tenant,/dashboard/data-sources/sportlink,/dashboard/sources/sportlink,tenant_source_manager,tenant.data_source.read,MOVE,VERIFIED_LOCAL,308_TO_/dashboard/sources/sportlink+PRESERVE_QUERY_HASH,one-hop+query-hash+anchor+authz,remove-redirect+restore-legacy-route
control_tenant,/dashboard/data-sources/led-scores,/dashboard/sources/led-scores,tenant_source_manager,tenant.data_source.read,MOVE,VERIFIED_LOCAL,308_TO_/dashboard/sources/led-scores+PRESERVE_QUERY_HASH,one-hop+query-hash+authz+delivery,remove-redirect+restore-legacy-route
control_tenant,/dashboard/sponsors,/dashboard/sponsors,tenant_growth_user,tenant.sponsor.read,RETAIN,VERIFIED_LOCAL,NONE,web+authz+lifecycle+states+a11y,growth-flag-off+preserve-contract
control_tenant,/dashboard/engage,/dashboard/engage,tenant_growth_user,tenant.dynamic_slide.read,RETAIN,VERIFIED_LOCAL,NONE,web+authz+lifecycle+metrics+a11y,growth-flag-off+preserve-contract
control_tenant,/dashboard/team,/dashboard/team,tenant_admin,tenant.team.read,MOVE,VERIFIED_LOCAL,NONE,roles+invites+server-authz+aal2+a11y,organization-flag-off+preserve-contract
control_tenant,/dashboard/settings,/dashboard/settings,tenant_admin,tenant.settings.read,MOVE,VERIFIED_LOCAL,NONE,sections+server-authz+states+a11y,settings-flag-off+preserve-contract
control_tenant,/dashboard/settings/billing,/dashboard/settings/billing,tenant_billing_admin,tenant.billing.manage,MOVE,VERIFIED_LOCAL,NONE,provider-states+authz+a11y,billing-flag-off+preserve-contract
control_tenant,/dashboard/settings/billing/return,/dashboard/settings/billing/return,tenant_billing_admin,tenant.billing.manage,RETAIN,VERIFIED_LOCAL,NONE,provider-states+safe-return+authz,billing-flag-off+preserve-return
control_tenant,/dashboard/auditlog,/dashboard/activity,tenant_auditor,tenant.audit.read,RENAME,VERIFIED_LOCAL,308_TO_/dashboard/activity+PRESERVE_QUERY_HASH,one-hop+filters-query+authz+append-only,remove-redirect+restore-/dashboard/auditlog
control_tenant,/dashboard/support,/dashboard/support,tenant_member,tenant.ticket.read,MOVE,VERIFIED_LOCAL,NONE,inbox+attachments+authz+sensitive+a11y,support-flag-off+preserve-contract
control_tenant,/dashboard/support/[ticketId],/dashboard/support/[ticketId],tenant_member,tenant.ticket.read,RETAIN,VERIFIED_LOCAL,NONE,detail+thread+attachments+authz+sensitive,support-flag-off+preserve-contract
control_platform,/platform,/platform,platform_operator,platform.system.read,RETAIN,VERIFIED_LOCAL,NONE,web+authz+states+a11y,platform-flag-off+preserve-route
control_platform,/platform/system,/platform/system,platform_operator,platform.system.read,RETAIN,VERIFIED_LOCAL,NONE,slo+alerts+recovery+authz+a11y,platform-flag-off+preserve-contract
control_platform,/platform/billing,/platform/billing,platform_operator,platform.system.read,REPLACE,VERIFIED_LOCAL,NONE,tenant-picker+provider-health+authz+aal2,platform-flag-off+preserve-operations
control_platform,/platform/tenants,/platform/tenants,platform_operator,platform.tenant.read,RETAIN,VERIFIED_LOCAL,NONE,search+pagination+authz+states+a11y,platform-flag-off+preserve-list
control_platform,/platform/tenants/[tenantId],/platform/tenants/[tenantId],platform_operator,platform.tenant.read,RETAIN,VERIFIED_LOCAL,NONE,detail+lifecycle+overrides+authz+aal2,platform-flag-off+preserve-lifecycle
control_platform,/platform/users,/platform/access/users,platform_owner,platform.user.manage,MOVE,VERIFIED_LOCAL,308_TO_/platform/access/users+PRESERVE_QUERY_HASH,one-hop+query-hash+authz+aal2+self-lockout,remove-redirect+restore-/platform/users
control_platform,/platform/support,/platform/support,platform_support,platform.ticket.read,RETAIN,VERIFIED_LOCAL,NONE,inbox+assignment+authz+sensitive+a11y,platform-flag-off+preserve-contract
control_platform,/platform/support/[ticketId],/platform/support/[ticketId],platform_support,platform.ticket.read,RETAIN,VERIFIED_LOCAL,NONE,detail+thread+authz+sensitive+a11y,platform-flag-off+preserve-contract
control_platform,/platform/support/settings,/platform/support/settings,platform_support_admin,platform.ticket.admin,CONTEXTUALIZE,VERIFIED_LOCAL,NONE,aal2+roles+routing+server-authz+a11y,platform-flag-off+preserve-contract
control_platform,/platform/templates,/platform/templates,platform_product_operator,platform.dynamic_template.read,RENAME,VERIFIED_LOCAL,NONE,list+search+authz+versions+a11y,platform-flag-off+preserve-renderformat
control_platform,/platform/templates/new,/platform/templates/new,platform_product_operator,platform.dynamic_template.write,RENAME,VERIFIED_LOCAL,NONE,create+validation+authz+a11y,platform-flag-off+preserve-renderformat
control_platform,/platform/templates/[templateId],/platform/templates/[templateId],platform_product_operator,platform.dynamic_template.read,RENAME,VERIFIED_LOCAL,NONE,detail+versions+publish+authz+a11y,platform-flag-off+preserve-renderformat
control_platform,/platform/integrations/sportlink,/platform/integrations/sportlink,platform_product_operator,platform.tenant.read,CONTEXTUALIZE,VERIFIED_LOCAL,NONE,provider-health+tenant-impact+authz+a11y,platform-flag-off+preserve-contract
control_gap,/dashboard/account,/dashboard/settings/security,tenant_user,tenant.settings.read,MOVE,VERIFIED_LOCAL,308_TO_/dashboard/settings/security+PRESERVE_QUERY_HASH,one-hop+query-hash+authz+broken-link,remove-redirect+restore-settings-link
control_gap,/dashboard/account/mfa,/auth/mfa,authenticated_user,authenticated,MOVE,VERIFIED_LOCAL,308_TO_/auth/mfa+PRESERVE_QUERY_HASH,one-hop+query-hash+safe-return+mfa,remove-redirect+link-directly-to-mfa
control_target,/dashboard/screens/health,/dashboard/screens/health,tenant_operator,tenant.screen.read,CONTEXTUALIZE,VERIFIED_LOCAL,TARGET_OF_/dashboard/screens?view=health,route+query-compat+authz+fleet-health,remove-target+restore-query-view
control_target,/dashboard/screens/locations,/dashboard/screens/locations,tenant_operator,tenant.screen.read,CONTEXTUALIZE,VERIFIED_LOCAL,TARGET_OF_/dashboard/screens?view=venue,route+query-compat+authz+venue-state,remove-target+restore-query-view
control_target,/dashboard/playlist-templates,/dashboard/playlist-templates,tenant_editor,tenant.playlist.read,MOVE,VERIFIED_LOCAL,TARGET_OF_/dashboard/templates,route+redirect-one-hop+authz+deep-link,remove-target+restore-legacy-route
control_target,/dashboard/publications,/dashboard/publications,tenant_member,tenant.release.read,RENAME,VERIFIED_LOCAL,TARGET_OF_/dashboard/releases,route+redirect-one-hop+authz+immutable,remove-target+restore-legacy-route
control_target,/dashboard/publications/[releaseId],/dashboard/publications/[releaseId],tenant_member,tenant.release.read,RENAME,VERIFIED_LOCAL,TARGET_OF_/dashboard/releases/[releaseId],route+dynamic-param+redirect-one-hop+immutable,remove-target+restore-legacy-detail
control_target,/dashboard/sources,/dashboard/sources,tenant_member,tenant.data_source.read,MERGE,VERIFIED_LOCAL,TARGET_OF_/dashboard/integrations+AND_/dashboard/data-sources,route+redirect-one-hop+authz+deep-link,remove-target+restore-source-indexes
control_target,/dashboard/sources/sportlink,/dashboard/sources/sportlink,tenant_source_manager,tenant.data_source.read,MOVE,VERIFIED_LOCAL,TARGET_OF_/dashboard/data-sources/sportlink,route+redirect-one-hop+query-hash+authz,remove-target+restore-legacy-route
control_target,/dashboard/sources/led-scores,/dashboard/sources/led-scores,tenant_source_manager,tenant.data_source.read,MOVE,VERIFIED_LOCAL,TARGET_OF_/dashboard/data-sources/led-scores,route+redirect-one-hop+query-hash+authz,remove-target+restore-legacy-route
control_target,/dashboard/sources/youtube,/dashboard/sources/youtube,tenant_source_manager,tenant.data_source.read,MOVE,VERIFIED_LOCAL,TARGET_OF_/dashboard/integrations/youtube,route+redirect-one-hop+authz+fallback,remove-target+restore-legacy-route
control_target,/dashboard/sources/twelve/products,/dashboard/sources/twelve/products,tenant_product_manager,tenant.product.read,MERGE,VERIFIED_LOCAL,TARGET_OF_/dashboard/integrations/twelve-products+AND_/dashboard/products,route+no-chain+query-hash+authz,remove-target+restore-legacy-routes
control_target,/dashboard/sources/twelve/imports/[importId],/dashboard/sources/twelve/imports/[importId],tenant_product_manager,tenant.product.read,MERGE,VERIFIED_LOCAL,TARGET_OF_LEGACY_TWELVE_IMPORT_ROUTES,route+no-chain+dynamic-param+authz,remove-target+restore-legacy-routes
control_target,/dashboard/activity,/dashboard/activity,tenant_auditor,tenant.audit.read,RENAME,VERIFIED_LOCAL,TARGET_OF_/dashboard/auditlog,route+redirect-one-hop+filters-query+authz,remove-target+restore-/dashboard/auditlog
control_target,/platform/access/users,/platform/access/users,platform_owner,platform.user.manage,MOVE,VERIFIED_LOCAL,TARGET_OF_/platform/users,route+redirect-one-hop+authz+aal2+self-lockout,remove-target+restore-/platform/users
marketing,/,/,public,public,RETAIN,VERIFIED_LOCAL,NONE,web+seo+canonical+a11y,marketing-flag-off+preserve-slug
marketing,/algemene-voorwaarden,/algemene-voorwaarden,public,public,RETAIN,VERIFIED_LOCAL,NONE,web+seo+canonical+a11y,marketing-flag-off+preserve-slug
marketing,/blog,/blog,public,public,RETAIN,VERIFIED_LOCAL,NONE,web+seo+canonical+empty+a11y,marketing-flag-off+preserve-slug
marketing,/cases,/cases,public,public,RETAIN,VERIFIED_LOCAL,NONE,web+seo+canonical+empty+a11y,marketing-flag-off+preserve-slug
marketing,/clubtv,/clubtv,public,public,RETAIN,VERIFIED_LOCAL,NONE,web+unique-intent+seo+canonical+a11y,marketing-flag-off+preserve-slug
marketing,/contact,/contact,public,public,RETAIN,VERIFIED_LOCAL,NONE,web+form+privacy+a11y,marketing-flag-off+preserve-slug
marketing,/cookies,/cookies,public,public,RETAIN,VERIFIED_LOCAL,NONE,web+seo+canonical+a11y,marketing-flag-off+preserve-slug
marketing,/demo,/demo,public,public,RETAIN,VERIFIED_LOCAL,NONE,web+form+privacy+analytics+a11y,marketing-flag-off+preserve-slug
marketing,/engage,/engage,public,public,RETAIN,VERIFIED_LOCAL,NONE,web+claims+seo+canonical+a11y,marketing-flag-off+preserve-slug
marketing,/functies,/functies,public,public,RETAIN,VERIFIED_LOCAL,NONE,web+unique-intent+seo+canonical+a11y,marketing-flag-off+preserve-slug
marketing,/functies/media,/functies/media,public,public,RETAIN,VERIFIED_LOCAL,NONE,web+seo+canonical+a11y,marketing-flag-off+preserve-slug
marketing,/functies/monitoring,/functies/monitoring,public,public,RETAIN,VERIFIED_LOCAL,NONE,web+seo+canonical+a11y,marketing-flag-off+preserve-slug
marketing,/functies/offline-afspelen,/functies/offline-afspelen,public,public,RETAIN,VERIFIED_LOCAL,NONE,web+claims+seo+canonical+a11y,marketing-flag-off+preserve-slug
marketing,/functies/planning,/functies/planning,public,public,RETAIN,VERIFIED_LOCAL,NONE,web+seo+canonical+a11y,marketing-flag-off+preserve-slug
marketing,/functies/playlists,/functies/playlists,public,public,RETAIN,VERIFIED_LOCAL,NONE,web+seo+canonical+a11y,marketing-flag-off+preserve-slug
marketing,/functies/schermen,/functies/schermen,public,public,RETAIN,VERIFIED_LOCAL,NONE,web+seo+canonical+a11y,marketing-flag-off+preserve-slug
marketing,/functies/templates,/functies/templates,public,public,RETAIN,VERIFIED_LOCAL,NONE,web+terminology+seo+canonical+a11y,marketing-flag-off+preserve-slug
marketing,/integraties,/integraties,public,public,RETAIN,VERIFIED_LOCAL,NONE,web+catalog+seo+canonical+a11y,marketing-flag-off+preserve-slug
marketing,/integraties/rss-nieuws,/integraties/rss-nieuws,public,public,RETAIN,VERIFIED_LOCAL,NONE,web+claims+seo+canonical+a11y,marketing-flag-off+preserve-slug
marketing,/integraties/sportlink,/integraties/sportlink,public,public,RETAIN,VERIFIED_LOCAL,NONE,web+claims+seo+canonical+a11y,marketing-flag-off+preserve-slug
marketing,/integraties/twelve-xlsx,/integraties/twelve-xlsx,public,public,RETAIN,VERIFIED_LOCAL,NONE,web+claims+seo+canonical+a11y,marketing-flag-off+preserve-slug
marketing,/integraties/youtube,/integraties/youtube,public,public,RETAIN,VERIFIED_LOCAL,NONE,web+claims+fallback+seo+canonical+a11y,marketing-flag-off+preserve-slug
marketing,/kennisbank,/kennisbank,public,public,RETAIN,VERIFIED_LOCAL,NONE,web+seo+canonical+a11y+related,marketing-flag-off+preserve-slug
marketing,/kennisbank/contentkalender-sportclub,/kennisbank/contentkalender-sportclub,public,public,RETAIN,VERIFIED_LOCAL,NONE,web+seo+canonical+article-a11y,marketing-flag-off+preserve-slug
marketing,/kennisbank/narrowcasting-sportvereniging,/kennisbank/narrowcasting-sportvereniging,public,public,RETAIN,VERIFIED_LOCAL,NONE,web+seo+canonical+article-a11y,marketing-flag-off+preserve-slug
marketing,/kennisbank/sponsors-zichtbaar-op-clubtv,/kennisbank/sponsors-zichtbaar-op-clubtv,public,public,RETAIN,VERIFIED_LOCAL,NONE,web+seo+canonical+article-a11y,marketing-flag-off+preserve-slug
marketing,/kennisbank/wat-is-clubtv,/kennisbank/wat-is-clubtv,public,public,RETAIN,VERIFIED_LOCAL,NONE,web+seo+canonical+article-a11y,marketing-flag-off+preserve-slug
marketing,/kennisbank/wat-is-narrowcasting,/kennisbank/wat-is-narrowcasting,public,public,RETAIN,VERIFIED_LOCAL,NONE,web+seo+canonical+article-a11y,marketing-flag-off+preserve-slug
marketing,/oplossingen,/oplossingen,public,public,RETAIN,VERIFIED_LOCAL,NONE,web+unique-intent+seo+canonical+a11y,marketing-flag-off+preserve-slug
marketing,/oplossingen/bedrijven,/oplossingen/bedrijven,public,public,RETAIN,VERIFIED_LOCAL,NONE,web+claims+seo+canonical+a11y,marketing-flag-off+preserve-slug
marketing,/oplossingen/hockeyclubs,/oplossingen/hockeyclubs,public,public,RETAIN,VERIFIED_LOCAL,NONE,web+claims+seo+canonical+a11y,marketing-flag-off+preserve-slug
marketing,/oplossingen/horeca-en-kantines,/oplossingen/horeca-en-kantines,public,public,RETAIN,VERIFIED_LOCAL,NONE,web+claims+seo+canonical+a11y,marketing-flag-off+preserve-slug
marketing,/oplossingen/onderwijs,/oplossingen/onderwijs,public,public,RETAIN,VERIFIED_LOCAL,NONE,web+claims+seo+canonical+a11y,marketing-flag-off+preserve-slug
marketing,/oplossingen/retail,/oplossingen/retail,public,public,RETAIN,VERIFIED_LOCAL,NONE,web+claims+seo+canonical+a11y,marketing-flag-off+preserve-slug
marketing,/oplossingen/sportscholen,/oplossingen/sportscholen,public,public,RETAIN,VERIFIED_LOCAL,NONE,web+claims+seo+canonical+a11y,marketing-flag-off+preserve-slug
marketing,/oplossingen/sportverenigingen,/oplossingen/sportverenigingen,public,public,RETAIN,VERIFIED_LOCAL,NONE,web+primary-intent+seo+canonical+a11y,marketing-flag-off+preserve-slug
marketing,/oplossingen/tennis-en-padel,/oplossingen/tennis-en-padel,public,public,RETAIN,VERIFIED_LOCAL,NONE,web+claims+seo+canonical+a11y,marketing-flag-off+preserve-slug
marketing,/oplossingen/voetbalclubs,/oplossingen/voetbalclubs,public,public,RETAIN,VERIFIED_LOCAL,NONE,web+claims+seo+canonical+a11y,marketing-flag-off+preserve-slug
marketing,/oplossingen/zwemverenigingen,/oplossingen/zwemverenigingen,public,public,RETAIN,VERIFIED_LOCAL,NONE,web+claims+seo+canonical+a11y,marketing-flag-off+preserve-slug
marketing,/over-ons,/over-ons,public,public,RETAIN,VERIFIED_LOCAL,NONE,web+factual+seo+canonical+a11y,marketing-flag-off+preserve-slug
marketing,/prijzen,/prijzen,public,public,RETAIN,VERIFIED_LOCAL,NONE,web+no-fake-pricing+seo+canonical+a11y,marketing-flag-off+preserve-slug
marketing,/product,/product,public,public,RETAIN,VERIFIED_LOCAL,NONE,web+unique-intent+seo+canonical+a11y,marketing-flag-off+preserve-slug
marketing,/publisher,/publisher,public,public,RETAIN,VERIFIED_LOCAL,NONE,web+unique-intent+seo+canonical+a11y,marketing-flag-off+preserve-slug
marketing,/sponsor-hub,/sponsor-hub,public,public,RETAIN,VERIFIED_LOCAL,NONE,web+claims+seo+canonical+a11y,marketing-flag-off+preserve-slug
marketing,/status,/status,public,public,RETAIN,VERIFIED_LOCAL,NONE,web+factual+seo+canonical+a11y,marketing-flag-off+preserve-slug
marketing,/support,/support,public,public,RETAIN,VERIFIED_LOCAL,NONE,web+recovery+seo+canonical+a11y,marketing-flag-off+preserve-slug
marketing,/toegankelijkheid,/toegankelijkheid,public,public,RETAIN,VERIFIED_LOCAL,NONE,web+factual+seo+canonical+a11y,marketing-flag-off+preserve-slug
marketing,/veelgestelde-vragen,/veelgestelde-vragen,public,public,RETAIN,VERIFIED_LOCAL,NONE,web+faq-schema+seo+canonical+a11y,marketing-flag-off+preserve-slug
marketing,/verwerkersovereenkomst,/verwerkersovereenkomst,public,public,RETAIN,VERIFIED_LOCAL,NONE,web+version+contact+canonical+a11y,marketing-flag-off+preserve-slug
marketing,/privacy,/privacy,public,public,RETAIN,VERIFIED_LOCAL,NONE,web+version+contact+canonical+a11y,marketing-flag-off+preserve-slug
marketing,/account-verwijderen,/account-verwijderen,public,public,RETAIN,VERIFIED_LOCAL,NONE,web+safe-form+privacy+confirmation+a11y,marketing-flag-off+preserve-slug
marketing,/data-verwijderen,/data-verwijderen,public,public,RETAIN,VERIFIED_LOCAL,NONE,web+safe-form+privacy+confirmation+a11y,marketing-flag-off+preserve-slug
control_mobile,/,/,mobile_user,authenticated,RETAIN,VERIFIED_LOCAL,NONE,expo+session-routing+configuration+deeplink,mobile-ui-flag-off+preserve-session
control_mobile,/login,/login,anonymous,public,RETAIN,VERIFIED_LOCAL,NONE,expo+auth+keyboard+screenreader,mobile-ui-flag-off+preserve-auth
control_mobile,/forgot-password,/forgot-password,anonymous,public,RETAIN,VERIFIED_LOCAL,NONE,expo+neutral-response+keyboard+screenreader,mobile-ui-flag-off+preserve-auth
control_mobile,/configuration-error,/configuration-error,anonymous,public,RETAIN,VERIFIED_LOCAL,NONE,expo+safe-error+recovery+screenreader,mobile-ui-flag-off+preserve-guard
control_mobile,/vandaag,/vandaag,tenant_mobile_user,tenant.overview.read,RETAIN,VERIFIED_LOCAL,NONE,expo+cockpit+offline+screenreader+deeplink,mobile-ui-flag-off+preserve-api
control_mobile,/schermen,/schermen,tenant_mobile_operator,tenant.screen.read,RETAIN,VERIFIED_LOCAL,NONE,expo+fleet+offline+screenreader+deeplink,mobile-ui-flag-off+preserve-api
control_mobile,/maken,/maken,tenant_mobile_creator,tenant.studio.create,RETAIN,VERIFIED_LOCAL,NONE,expo+supported-actions+desktop-handoff+screenreader,mobile-ui-flag-off+preserve-api
control_mobile,/content,/content,tenant_mobile_user,tenant.playlist.read,RETAIN,VERIFIED_LOCAL,NONE,expo+media+playlists+offline+screenreader,mobile-ui-flag-off+preserve-api
control_mobile,/meer,/meer,tenant_mobile_user,authenticated,RETAIN,VERIFIED_LOCAL,NONE,expo+navigation+context+screenreader,mobile-ui-flag-off+preserve-routing
control_mobile,/content/playlists/new,/content/playlists/new,tenant_mobile_editor,tenant.playlist.write,RETAIN,VERIFIED_LOCAL,NONE,expo+validation+retry+offline+screenreader,mobile-ui-flag-off+preserve-api
control_mobile,/content/playlists/[playlistId],/content/playlists/[playlistId],tenant_mobile_editor,tenant.playlist.read,RETAIN,VERIFIED_LOCAL,NONE,expo+dynamic-param+edit+publish+offline,mobile-ui-flag-off+preserve-api
control_mobile,/screens/pair,/screens/pair,tenant_mobile_operator,tenant.screen.manage,RETAIN,VERIFIED_LOCAL,NONE,expo+code+qr+expiry+offline+screenreader,mobile-ui-flag-off+preserve-api
control_mobile,/screens/[screenId],/screens/[screenId],tenant_mobile_operator,tenant.screen.read,RETAIN,VERIFIED_LOCAL,NONE,expo+dynamic-param+health+commands+offline,mobile-ui-flag-off+preserve-api
control_mobile,/more/organizations,/more/organizations,tenant_mobile_user,authenticated,RETAIN,VERIFIED_LOCAL,NONE,expo+tenant-switch+role-context+screenreader,mobile-ui-flag-off+preserve-session
control_mobile,/more/security,/more/security,tenant_mobile_user,authenticated,RETAIN,VERIFIED_LOCAL,NONE,expo+biometric+os-state+screenreader,mobile-ui-flag-off+preserve-security
control_mobile,/more/account,/more/account,tenant_mobile_user,authenticated,RETAIN,VERIFIED_LOCAL,NONE,expo+profile+deletion+reauth+screenreader,mobile-ui-flag-off+preserve-account
control_mobile,/more/engage,/more/engage,tenant_mobile_growth_user,tenant.dynamic_slide.read,RETAIN,VERIFIED_LOCAL,NONE,expo+lifecycle+metrics+offline+screenreader,mobile-ui-flag-off+preserve-api
control_mobile,/more/notifications,/more/notifications,tenant_mobile_user,authenticated,RETAIN,VERIFIED_LOCAL,NONE,expo+os-permission+device+preferences+screenreader,mobile-ui-flag-off+preserve-api
player_web,/,/,player_device,device_installation,REPLACE,VERIFIED_LOCAL,NONE,test-player+offline+pairing+playback,player-chrome-flag-off+preserve-lkg
player_web,/demo,/demo,demo_operator,demo_session,REPLACE,VERIFIED_LOCAL,NONE,test-player+demo-session+fallback+a11y,player-chrome-flag-off+preserve-demo
player_web,/device-lab,/device-lab,device_lab_operator,device_lab_session,REPLACE,VERIFIED_LOCAL,NONE,session+codec+storage+transition+export,player-chrome-flag-off+preserve-lab
player_web,/lg,/lg,lg_player_device,device_installation,REPLACE,VERIFIED_LOCAL,NONE,test-player+offline+ua-routing+webos,player-chrome-flag-off+preserve-routing
player_web,/thumbnail,/thumbnail,render_service,render_contract,RETAIN,VERIFIED_LOCAL,NONE,render-output+dimensions+auth+visual,player-chrome-flag-off+preserve-output
player_diagnostics,/healthz,/healthz,monitoring_agent,health_contract,RETAIN,VERIFIED_LOCAL,NONE,health+status-code+no-secrets,rollback-player+preserve-health
player_diagnostics,/lg/html-debug,/lg/html-debug,lg_operator,local_operator,RETAIN,VERIFIED_LOCAL,NONE,chrome79+diagnostics+no-secrets,rollback-player+preserve-debug
player_diagnostics,/lg/legacy,/lg/legacy,lg_legacy_device,device_installation,REPLACE,VERIFIED_LOCAL,NONE,test-player+offline+chrome79+lkg,rollback-player+preserve-legacy
player_diagnostics,/lg/probe,/lg/probe,lg_operator,local_operator,RETAIN,VERIFIED_LOCAL,NONE,chrome79+probe+no-secrets,rollback-player+preserve-probe
player_diagnostics,/lg/recover,/lg/recover,lg_operator,local_operator,REPLACE,VERIFIED_LOCAL,NONE,chrome79+retry+reload+reset-guard+lkg,rollback-player+preserve-recovery
player_state,player-state://setup,player-state://setup,player_device,device_installation,REPLACE,VERIFIED_LOCAL,NONE,pairing+qr+network+distance+offline,player-chrome-flag-off+preserve-state-machine
player_state,player-state://operational,player-state://operational,player_device,device_installation,REPLACE,VERIFIED_LOCAL,NONE,sync+waiting+offline+disabled+billing+lkg,player-chrome-flag-off+preserve-state-machine
player_state,player-state://recovery,player-state://recovery,local_operator,local_operator,REPLACE,VERIFIED_LOCAL,NONE,retry+repair+reload+reset-guard+offline,player-chrome-flag-off+preserve-state-machine
android_tv,android-tv://MainActivity/player-host,android-tv://MainActivity/player-host,player_device,device_installation,REPLACE,VERIFIED_LOCAL,NONE,android+webview+fullscreen+orientation+offline,rollback-apk+preserve-host
android_tv,android-tv://MainActivity/error-overlay,android-tv://MainActivity/error-overlay,local_operator,local_operator,REPLACE,VERIFIED_LOCAL,NONE,android+dpad+retry+distance+offline,rollback-apk+preserve-recovery
android_tv,android-tv://MainActivity/management-panel,android-tv://MainActivity/management-panel,local_operator,local_operator,REPLACE,VERIFIED_LOCAL,NONE,android+dpad+update+demo+autostart+privacy,rollback-apk+preserve-actions
lg_webos,lg-webos://startup,lg-webos://startup,lg_player_device,device_installation,REPLACE,VERIFIED_LOCAL,NONE,webos+chrome79+startup+fallback+offline,rollback-ipk+preserve-bootstrap
lg_webos,lg-webos://management,lg-webos://management,local_operator,local_operator,REPLACE,VERIFIED_LOCAL,NONE,webos+chrome79+remote-focus+resume+reload,rollback-ipk+preserve-actions
lg_webos,lg-webos://offline,lg-webos://offline,lg_player_device,device_installation,REPLACE,VERIFIED_LOCAL,NONE,webos+chrome79+retry+lkg+distance,rollback-ipk+preserve-fallback
