"surface_id","group","current_scope","fieldflow_layout","data_and_assets","landscape_requirement","portrait_requirement","motion_requirement","modern_player","static_lg_legacy","preview_poster_png","editor_or_wizard","edge_and_fallback_states","minimum_test_evidence","fieldflow_action"
"media_image","raw_media","active","media-stage","image asset; cropFocus; fit; background","preserve contain/cover and safe crop","own composition and focal point","existing transition contract; reduced motion","required","required","required","Slides editor","missing/not-ready/expired asset; LKG","fit x orientation x transition; offline boot","Do not paint over pixels; theme editor, background and status only"
"media_video","raw_media","active","media-stage","MP4; poster; trim; mute/volume; fit; cropFocus","preserve timing and poster","own crop and poster","cut/crossfade/wipe within canon","required","required","poster required","Slides editor","decode error; poster fallback; offline/LKG","trim/mute/fit; failed decode; offline poster","Do not overlay video; keep immutable poster fallback"
"menu","menu","active","menu-flow","canonical categories/products; product images; logos","category flow and readable prices","top-aligned one/two-column flow","page reveal only","required","required","required","Menu Studio / Slides","0/max categories; 0/max products; missing images; long prices","all densities and block boundaries; modern/LG parity","Build FieldFlow legacy-menu composition"
"price_list_legacy","menu","active","price-table","up to 200 products; photo show/reserve-empty","data table with stable price rail","top-aligned compact rows","row reveal capped","required","required","required","Price list editor","empty; 200 products; missing photo; very long names","min/nominal/max; both photo modes","Replace oversized cards with density tiers and pagination"
"price_list_menu_document_v2","menu","active","menu-document-grid","category; product-group; image; video; logo; text; promo; ready assets","honor fixed body zone and block geometry","honor portrait body zone and portraitColumns 1/2","block/page motion plus posters","required","parity must be proven per block","required","Menu Studio v2","hidden/locked; missing poster; availability; linked/manual/Twelve","each block type x orientation; floating block parity","Theme every supported block; no unverified legacy shortcut"
"news_hero_split","news","active","editorial-split","title; intro; source; author/date; hero/focal; QR/link","balanced media/text grid","stack or asymmetric portrait; text starts top-left","panel/media entrance; deterministic","required","required","required","News wizard","no hero; long title; no link; QR failure; stale feed","QR decode; focal crop; long text; both modes","Prominent QR and bright editorial image treatment"
"news_fullscreen_gradient","news","active","editorial-full-bleed","hero/focal; text; source; QR/link","intentional crop with verified overlay","portrait focal crop and safe text","slow image pan optional; reduced off","required","required","required","News wizard","unsuitable image; low contrast; no link","contrast across image samples; QR safe area","Use only when media qualifies; semantic 8-84% controlled overlay"
"news_grid","news","active","news-card-grid","1-12 source items; thumbnails; links/QR","readable limited grid then paginate","fewer/larger cards then paginate","stagger capped","required","required","required","News wizard","1/12 items; missing thumbnails; long titles","all densities; page progression; QR/link handling","Never shrink 12 cards into microscopic portrait grid"
"news_text_only","news","active","editorial-type","title; intro; source; author/date; QR/link","large type and abstract support","top-left type-led portrait","type/panel reveal","required","required","required","News wizard","very short/very long copy; no link","line limits; pagination; both modes","Use full canvas without empty centered card"
"sport_program","sport","active","fixture-list","date/time; home/away; competition; venue; logos","5-8 readable rows/column then paginate","4-7 rows then paginate","row reveal capped","required","required","required","Sportlink bulk/manual","0/1/20; long names; missing logos; stale data","density tiers; pagination; dual-logo fallback","Add dual team logos; remove tiny 20-row layout"
"sport_results","sport","active","result-list","date/status; home/away; score; logos","5-8 readable result rows","4-7 rows; score rail remains large","score/row reveal","required","required","required","Sportlink bulk/manual","0/1/20; draw/win/loss; missing score/logo","tabular score; long names; min type","Compact geometry with larger text and semantic score"
"sport_standing","sport","active","standing-table","position; team/logo; played; W/D/L; GF/GA/GD; points; form; zone","full useful columns at readable scale","prioritized subset or two-line row","selected rail and rows","required","required","required","Sportlink bulk/manual","0/1/10/20; tied points; long team; zones","column priority; min type; selected club","No microscopic 12-column portrait table"
"sport_period_standing","sport","typed/dormant","period-standing-table","standing fields plus period context","explicit period heading and readable table","prioritized portrait rows","same as standings","mapping required","mapping required","fixture required","future/manual contract","empty; max rows; no period label","contract fixture and visual golden before activation","Implement explicit mapping; never generic fallback"
"sport_match_of_the_day","sport","active","match-lockup","two teams/logos; date/time; venue; competition; sponsor slots","symmetric hero match","intentional stacked portrait","team/score entrance","required","required","required","dynamic editor","missing one/both logos; postponed; long teams","all content combinations; sponsor collision","Premium match hero using shared TeamLockup"
"sport_next_match","sport","active","match-lockup","two teams/logos; date/time; venue; competition","symmetric next-match hero","stacked portrait with time anchor","subtle reveal/countdown only if existing","required","required","required","dynamic editor","unknown time/venue; missing logos","long names; missing fields; both modes","Share component, distinct next-match metadata"
"sport_cancellations","sport","active","alert-list","date/time; match; reason/status; venue","readable alert rows","top-aligned alert stack","status reveal; no alarm effects","required","required","required","dynamic editor","none; one; max; missing reason","empty policy; danger contrast; pagination","Use semantic alert, never red-only meaning"
"sport_dressing_rooms","sport","active","room-assignment-grid","teams; home/away; room; time/field","two balanced assignment panels/list","single top-aligned list","row/panel reveal","required","required","required","dynamic editor / Sportlink","no room; duplicate room; long teams","display toggles traced; both orientations","Honor showDressingRoom/showField from config"
"sport_officials","sport","active","officials-list","match; officials[]; duty; time/field","structured roles and fixture context","stack roles below fixture","row reveal","required","required","required","dynamic editor","no official; multiple officials; long names","role labels; pagination; config trace","Distinct row anatomy; not generic program row"
"sport_team","sport","typed/dormant","team-roster","team; staff/players if supplied; logo/photo","roster or team hero depending payload","portrait roster","capped reveal","mapping required","mapping required","fixture required","future/manual contract","empty roster; no image; long roles","contract fixture and golden before activation","Define explicit safe projection of existing payload"
"sport_sponsor","sport","typed/dormant","sponsor-spotlight","sponsor/club assets and copy if supplied","quiet plate and CTA/meta","portrait contained creative","subtle logo/panel reveal","mapping required","mapping required","fixture required","future/manual contract","missing creative; extreme aspect ratios","asset contain; no recolor/crop","Explicit type mapping separate from overlay sponsor system"
"sport_activities","sport","active","agenda-list","activity; date/time; venue; meta","agenda plus useful summary","top-aligned agenda","row reveal","required","required","required","dynamic editor","0/1/max; multiday; long title","pagination and date grouping","FieldFlow agenda anatomy"
"sport_trainings","sport","typed/dormant","training-schedule","team; day/time; field/location","weekly/list schedule","portrait day grouping","row reveal","mapping required","mapping required","fixture required","future/manual contract","cancelled; missing field; max rows","fixture and golden before activation","Explicit mapping; respect field visibility"
"sport_volunteers","sport","typed/dormant","volunteer-call","role; time; location; contact/CTA if supplied","callout plus role list","top-left callout and list","subtle CTA reveal","mapping required","mapping required","fixture required","future/manual contract","no roles; filled roles; long copy","privacy/copy; fallback; golden","Do not invent PII; explicit mapping"
"sport_birthdays","sport","active","birthday-composition","name; age/date/day/photo/role/team; background/logo","spotlight or restrained grid","portrait spotlight/grid with max 1-8","safe celebration motion","required","parity audit required","required","Birthday wizard","empty policies; missing photo; max; privacy","all presentation controls traced; reduced motion","Migrate controls to restrained FieldFlow variants"
"sport_visitor_arrivals","sport","active","arrival-cards","arrival/kickoff; club/logo; room; field; competition; sponsor","1-4 cards","1-4 portrait cards","safe FieldFlow reveal","required","required","required","Sportlink arrival wizard","empty skip/placeholder; recent; missing logo/sponsor","1-4 x both orientations; every visibility toggle","Wire showClubLogo/showSponsor and sponsor asset end-to-end"
"sport_referee_arrivals","sport","active","arrival-cards","arrival/kickoff; official/club; room/field/duty; sponsor","1-4 cards","1-4 portrait cards","safe FieldFlow reveal","required","required","required","Sportlink arrival wizard","empty skip/placeholder; missing duty/sponsor","1-4 x both orientations; every visibility toggle","Distinct labels, shared card primitive and full trace"
"ledscores_live_match_match_center","live_score","active","live-match-center","teams/logos; scores; clock; period; status; timeline; background","score hero plus timeline","portrait score hero and condensed timeline","live value transitions only","required","required","required","LED Scores wizard","pre/live/paused/half/finished/unknown; stale freeze","status matrix; timeline 0/10; offline/LKG","Replace hardcoded palette with resolved FieldFlow tokens"
"ledscores_live_match_scoreboard","live_score","active","scoreboard","teams/logos; scores; clock; period; title; background","high-distance scoreboard","portrait scoreboard","minimal score/status transition","required","required","required","LED Scores wizard","outside-match last-known/skip; unknown clock","all statuses; both accent modes/orientations","Create contrast-safe club/neutral/derived accent modes"
"led_goal_own","live_moment","active","goal-overlay","all text bindings; scorer photo; team logos; previous/current score","curated scene pair","curated portrait scene","fade/rise/zoom/wipe safe subset","required","required","required","LED moment wizard/canvas","missing scorer/photo/logo; repeated goal; ack","binding matrix; underlay mode; durable ack","New FieldFlow default scene; preserve user canvas"
"led_goal_opponent","live_moment","active","goal-overlay","all text/image bindings","curated scene pair","curated portrait scene","safe subset","required","required","required","LED moment wizard/canvas","missing enrichment; score correction","binding and ack tests","Opponent semantic tone without color-only meaning"
"led_goal_unknown","live_moment","active","goal-overlay","unknown scoring team plus score bindings","neutral goal scene","neutral portrait scene","safe subset","required","required","required","LED moment wizard/canvas","unknown team/logo/photo","fallback and ack tests","Neutral high-clarity FieldFlow scene"
"led_lineup_home","live_moment","active","lineup-overlay","lineup; team/logo; title/background","paginated lineup","portrait paginated lineup","page/reveal capped","required","required","required","LED moment wizard/canvas","0/max players; long names; no photos","pagination; binding; offline","Readable roster, no tiny full-squad cram"
"led_lineup_away","live_moment","active","lineup-overlay","lineup; team/logo; title/background","paginated lineup","portrait paginated lineup","page/reveal capped","required","required","required","LED moment wizard/canvas","0/max players; long names","pagination and parity","Same hierarchy with opponent semantics"
"led_match_start","live_moment","active","match-moment","teams/logos; time; eventLabel","match-start hero","stacked portrait hero","short reveal","required","required","required","LED moment wizard/canvas","missing logo/time","binding and ack tests","Curated FieldFlow scene pair"
"led_half_time","live_moment","active","match-moment","score; teams; clock/period; eventLabel","halftime score state","portrait halftime state","short reveal","required","required","required","LED moment wizard/canvas","unknown clock; correction","status/binding/ack","Curated FieldFlow scene pair"
"led_match_end","live_moment","active","match-moment","final score; teams; eventLabel","final-score hero","portrait final score","short reveal","required","required","required","LED moment wizard/canvas","unknown/abandoned; correction","final status/binding/ack","Curated FieldFlow scene pair"
"engage_poll","engage","active online + immutable fallback","poll-cta","question; 2-24 options; QR; status","large question/options/QR","top-left question with large QR","option/panel reveal","required","required/fallback parity","required","Engage editor","offline; closed; QR failure; long options","online vs fallback visual parity; QR decode","Theme CTA and options using shared QR primitive"
"engage_results","engage","active","poll-results","options; votes/percentages; visibility mode","bars and labels","stacked results","bar transition; reduced immediate","required","required/fallback parity","required","Engage editor","0 votes; tie; after_vote/after_close/live","percent math; no color-only; fallback parity","FieldFlow result chart with labels and values"
"engage_motm","engage","active","motm-cta-results","nominees; names/teams/photos; QR; result","candidate grid/spotlight","portrait list/spotlight","candidate reveal","required","required/fallback parity","required","Engage editor","missing photos; tie; offline/closed","2-24 options; QR; privacy","Use monogram fallback and consent-safe media"
"youtube_playback","youtube","active online + local fallback","video-frame-status","privacy-enhanced embed; immutable fallback","video itself unobstructed","video itself unobstructed","no forced theme motion","required","fallback required","fallback poster required","YouTube editor","offline; provider error; blocked embed","online/failure/offline; no controls/muted","Theme only editor, optional frame, loading/failure/fallback"
"sponsor_fullscreen","sponsor","active","sponsor-fullscreen","approved creative; schedule; PoP; house fallback","contain on quiet plate","contain portrait creative","restrained enter/exit","required","required","required","Sponsor Hub","missing creative; cap/cooldown; extreme ratio","PoP; fallback; no crop/recolor","FieldFlow neutral plate; preserve creative pixels"
"sponsor_presented_by","sponsor","active","presented-by-lockup","creative; label; context","collision-safe top/title region","portrait safe region","subtle reveal","required","required","required","Sponsor Hub","missing creative; long sponsor name","collision matrix; contain","Shared SponsorSlot and optical sizing"
"sponsor_footer","sponsor","active","footer-strip","creative; label; schedule","10-16% landscape strip","safe portrait footer","subtle reveal","required","required","required","Sponsor Hub","watermark/QR/live collision","collision suite; PoP","Reserve layout space rather than overlay content"
"sponsor_corner","sponsor","active","corner-bug","creative; position","safe corner excluding watermark","portrait safe corner","subtle reveal","required","required","required","Sponsor Hub","all corners; extreme ratio","collision and overscan","Contain; never cover essential content"
"sponsor_match_sponsor","sponsor","active","match-sponsor-slot","creative; match context","within match hero safe zone","stacked safe slot","subtle reveal","required","required","required","Sponsor Hub / match editor","no sponsor; long teams; QR/live collision","match variants x orientation","Explicit slot in match layout"
"sponsor_match_ball_sponsor","sponsor","active","match-ball-slot","creative; label/context","match hero auxiliary zone","portrait auxiliary zone","subtle reveal","required","required","required","Sponsor Hub / match editor","missing creative; collision","match variants x orientation","Distinct label and shared contain behavior"
"studio_matchday","studio_system_template","active 2 formats","matchday-poster","editable text/image/logo/shape layers","new landscape system template","new portrait system template","Studio safe presets","rendered media","rendered media","PNG/MP4/poster","Studio","missing image/logo; long teams","template render x format x motion","Create two FieldFlow templates; never mutate user designs"
"studio_schedule","studio_system_template","active 2 formats","schedule-poster","editable layers","new landscape","new portrait","safe presets","rendered media","rendered media","PNG/MP4/poster","Studio","long schedule; missing asset","two format goldens","Category-specific schedule design"
"studio_result","studio_system_template","active 2 formats","result-poster","editable layers","new landscape","new portrait","safe presets","rendered media","rendered media","PNG/MP4/poster","Studio","large score; missing logo","two format goldens","Category-specific result design"
"studio_sponsor","studio_system_template","active 2 formats","sponsor-poster","editable layers/creative","new landscape","new portrait","safe presets","rendered media","rendered media","PNG/MP4/poster","Studio","extreme creative ratio","two format goldens; no recolor","Quiet premium sponsor design"
"studio_menu","studio_system_template","active 2 formats","menu-poster","editable menu layers","new landscape","new portrait","safe presets","rendered media","rendered media","PNG/MP4/poster","Studio","long products/prices","two format goldens","Readable price hierarchy"
"studio_activity","studio_system_template","active 2 formats","activity-poster","editable layers","new landscape","new portrait","safe presets","rendered media","rendered media","PNG/MP4/poster","Studio","long title/date","two format goldens","Event-focused composition"
"studio_volunteer","studio_system_template","active 2 formats","volunteer-poster","editable CTA/roles","new landscape","new portrait","safe presets","rendered media","rendered media","PNG/MP4/poster","Studio","no photo; long CTA","two format goldens","Clear call-to-action without PII invention"
"studio_welcome","studio_system_template","active 2 formats","welcome-poster","editable club/team/media","new landscape","new portrait","safe presets","rendered media","rendered media","PNG/MP4/poster","Studio","missing guest logo","two format goldens","Warm club welcome composition"
"studio_cancelled","studio_system_template","active 2 formats","cancelled-poster","editable match/reason","new landscape","new portrait","safe restrained alert","rendered media","rendered media","PNG/MP4/poster","Studio","missing reason; long teams","two format goldens; contrast","Clear semantic alert, no alarm animation"
"studio_social","studio_system_template","active 2 formats","social-poster","editable social/QR/media","new landscape","new portrait","safe presets","rendered media","rendered media","PNG/MP4/poster","Studio","QR/no QR; long handle","two format goldens; QR decode","Premium social CTA using QR primitive"
"studio_emergency","studio_system_template","active 2 formats","emergency-poster","editable urgent copy/instructions","new landscape","new portrait","cut or minimal reveal","rendered media","rendered media","PNG/MP4/poster","Studio","long instruction; multiple languages","two format goldens; accessibility","Highest clarity; no decorative motion"
"player_pairing","player_system","active","system-card","pairing code/QR/instructions/logo","centered operational composition","portrait-safe operational composition","subtle progress only","required","required","not applicable","Player setup","expired/invalid code; offline","code legibility; contrast; recovery","Remove decorative blue; retain byte-locked logo"
"player_setup_syncing","player_system","active","system-progress","progress/status/recovery copy","clear status","portrait clear status","deterministic progress; reduced","required","required","not applicable","Player setup","timeout; retry; partial sync","all states; cause-effect-recovery","FieldFlow system tokens without hiding valid content"
"player_waiting_empty","player_system","active","empty-state","waiting/empty schedule copy","full-canvas calm state","portrait calm state","minimal ambient optional","required","required","not applicable","Control schedule/Player","empty schedule; not-yet-active","timing boundaries; offline","Abstract flow background and explicit next action"
"player_offline_lkg","player_system","active","offline-chip-and-state","LKG content; offline chip; timestamps","chip collision-safe","portrait collision-safe","no distracting loop","required","required","not applicable","Player","no LKG; stale LKG; reconnect","offline boot/reconnect/LKG","Never replace valid LKG with branded empty state"
"player_recovery_problem","player_system","active","recovery-state","problem; cause; effect; action; menu","clear recovery UI","portrait recovery UI","minimal","required","required","not applicable","Player recovery","network/storage/provider/render failure","recovery paths; no black screen","Shared error primitives and exact recovery copy"
"player_billing_suspended","player_system","active","account-state","warning/verification/suspended copy","operational state","portrait operational state","none/minimal","required","required","not applicable","Billing/Control","warning vs suspended; verification","status policy; no content leak","FieldFlow system layer while preserving access rules"
"player_pwa_install","player_system","active where supported","install-card","install prompt/instructions/logo","desktop-safe card","mobile/portrait-safe card","subtle card reveal","required where applicable","not applicable","not applicable","Player","unsupported/dismissed/already installed","capability states","Use same system tokens; no fake availability"
