"area","current_path_or_pattern","current_role","required_fieldflow_change","parity_or_test_owner"
"governance","AGENTS.md; README.md; PLANS.md; TASK_LEDGER.md; docs/**","repository workflow and canons","reread at implementation HEAD; add FieldFlow canon delta and ledger/plan evidence","repository quality gates"
"dynamic contracts","packages/contracts/src/dynamic-content.ts","20 dynamic types; variants; snapshot/view schemas","add backwards-compatible resolved FieldFlow settings and dual-logo/asset fields; keep legacy parsing","contract and inventory tests"
"theme contract","packages/contracts/src/theme-engine.ts","ten theme IDs; modes; transitions; logical canvas","add fieldflow catalog/schema; one public ID; hidden legacy resolver; bounded customization","theme contract and snapshot tests"
"Sportlink blueprints","packages/contracts/src/sportlink-slide-blueprints.ts","nine predefined Sportlink slide blueprints","replace theme choice with FieldFlow style defaults; preserve data semantics","blueprint/bulk wizard tests"
"birthday contract","packages/contracts/src/sportlink-birthdays.ts","birthday selection/presentation policies","map every option to FieldFlow snapshot/render; preserve old versions","birthday state and visual tests"
"Engage contract","packages/contracts/src/engage.ts","poll/MOTM/status/visibility","add/consume resolved FieldFlow presentation without weakening fallback","Engage contract/player tests"
"YouTube contract","packages/contracts/src/youtube.ts","online binding and local fallback","theme only status/fallback/editor; never force frame over video","Engage/YouTube playback tests"
"sponsor contract","packages/contracts/src/sponsor.ts","six positions and campaign behavior","add shared SponsorSlot presentation/collision metadata if needed","sponsor unit/player/PoP tests"
"LED scene contract","packages/contracts/src/ledscores-scene.ts","scene layers; bindings; 8 momentkeys; orientation scenes","ship curated FieldFlow default pairs; preserve user scenes and bindings","scene and durable-ack tests"
"theme catalog","packages/content-templates/src/theme-catalog.ts","ten current catalog entries and manifests","expose one FieldFlow entry for new content; keep private legacy catalog","catalog/inventory tests"
"motion resolver","packages/content-templates/src/theme-motion.ts","theme transition/motion resolution","implement safe FieldFlow levels, deterministic state/reduced-motion; legacy mapping","motion unit and visual tests"
"theme projection","packages/content-templates/src/editorial-arena-theme.ts","maps theme selection to renderer values","resolve semantic FieldFlow tokens; freeze values; precompute legacy-safe colors","modern/LG snapshot parity"
"layout engine","packages/content-templates/src/editorial-arena-layout.ts","logical canvas; page sizes; row heights","12/6 grids; density tiers; min type; paginate instead of shrink; explicit alignments","layout property/unit tests"
"dynamic renderer","packages/content-templates/src/editorial-arena-renderer.tsx","modern React rendering for news/sport/price/birthday/arrivals","split into FieldFlow primitives/family components; explicit mapping for every type","coverage and modern visual matrix"
"dynamic styles","packages/content-templates/src/editorial-arena-renderer.module.css","fixed values and ten-theme branches","replace with semantic FieldFlow token CSS; container scaling; motion/reduced-motion","visual matrix and CSS token lint"
"menu renderer","packages/content-templates/src/menu-scene.tsx","Menu Document v2 block renderer","theme every block; top-align portrait; media/focal/poster parity","Menu v2 block tests"
"menu styles","packages/content-templates/src/menu-scene.module.css","Menu Document v2 layout/style","FieldFlow tokens, density, safe body zones, no tiny text","Menu visual matrix"
"shared view model","packages/content-templates/src/dynamic-template-view.ts","normalizes snapshot to renderable page model","add dual team logos and explicit family projections; no silent generic fallback","viewmodel unit/coverage tests"
"Studio templates","packages/studio/src/templates.ts","11 generic categories x 2 formats","replace defaults with 22 category-specific FieldFlow system templates; version them","Studio render goldens"
"Slides theme picker","apps/control/app/(shell)/dashboard/slides/_components/theme-picker.tsx","public selection among themes","remove public legacy choices; replace/use shared FieldFlow Style Step","Control component/E2E"
"new slide composer","apps/control/app/(shell)/dashboard/slides/new/slide-composer-form.tsx","creates media/dynamic slides","integrate FieldFlow defaults/style review and config trace","composer validation/E2E"
"theme editor","apps/control/app/(shell)/dashboard/slides/new/editorial-theme-editor.tsx","theme customization UI","refactor into bounded FieldFlow Style Step; contrast/font/background/motion controls","component and a11y tests"
"dynamic preview","apps/control/app/(shell)/dashboard/slides/new/dynamic-slide-live-preview.tsx","new slide preview","render exact frozen/prospective FieldFlow view for orientation/mode/density","preview/player parity tests"
"price configurator","apps/control/app/(shell)/dashboard/slides/new/price-list-configurator.tsx; editorial-price-editor.tsx","price/menu legacy configuration","wire density/photo modes and live FieldFlow preview","price editor and visual tests"
"slide version editor","apps/control/app/(shell)/dashboard/slides/[slideId]/edit/sportlink-version-editor.tsx","edits dynamic slide into new version","preserve immutability; FieldFlow-only new version; clear legacy/current indication","versioning UX tests"
"Menu Studio","apps/control/app/(shell)/dashboard/slides/menu-studio/**","Menu Document v2 authoring","shared Style Step; per-block parity; orientation/long-data preview","Menu Studio data/a11y/visual matrix"
"Sportlink bulk wizard","apps/control/app/(shell)/dashboard/studio/sportlink/new/sportlink-bulk-wizard.tsx","five-step bulk slide creation","replace theme/display with FieldFlow composition/style; keep per-slide overrides","bulk wizard state/E2E"
"arrival fields","apps/control/app/(shell)/dashboard/slides/_components/sportlink-arrival-fields.tsx","arrival display and sponsor controls","ensure every toggle/asset reaches snapshot/assets/renderers","config trace + 1-4 orientation tests"
"birthday wizard","apps/control/app/(shell)/dashboard/studio/sportlink/birthdays/new/birthday-wizard.tsx","birthday selection/presentation wizard","FieldFlow Style Step; retain every policy and preview","wizard-state/live/visual tests"
"Studio editor","apps/control/app/(shell)/dashboard/studio/[designId]/**","freeform design editor/canvas","do not auto-mutate user designs; add copy-to-FieldFlow flow and new defaults","editor recovery/render tests"
"LED live editor","apps/control/app/(shell)/dashboard/studio/led-scores/live-match-slide-editor.tsx","live match configuration","FieldFlow templates/tokens; preserve live behavior","live-match UX/player tests"
"LED moment editor","apps/control/app/(shell)/dashboard/studio/led-scores/canvas-experience-editor.tsx; alert-editor.tsx","advanced moment canvas and simple wizard","new FieldFlow bases; preserve existing scenes; safe motion","canvas state/media/E2E"
"Engage Control","apps/control/app/(shell)/dashboard/engage/**","poll/MOTM management","premium coherent wizard/preview; exact local fallback preview","Engage data/action/a11y tests"
"Sponsor Hub","apps/control/app/(shell)/dashboard/sponsors/**","campaign/creative management","FieldFlow previews and collision guidance; preserve campaign logic","sponsor RLS/player/PoP tests"
"YouTube Control","apps/control/app/(shell)/dashboard/integrations/youtube/**","YouTube configuration","FieldFlow editor/loading/error UI without altering embed","YouTube playback tests"
"modern Engage Player","apps/player/app/_components/engage-playback-media.tsx","online Engage output and fallback","FieldFlow poll/results/MOTM and QrBlock","online/fallback parity"
"modern YouTube Player","apps/player/app/_components/youtube-playback-media.tsx","online privacy-enhanced playback","FieldFlow status/fallback only","playback/offline tests"
"modern LED live","apps/player/app/_components/ledscores-match-experience.tsx; ledscores-match-experience.module.css","live scoreboard/timeline","FieldFlow live layouts and semantic tokens","status/timeline/player tests"
"modern LED scenes","apps/player/app/_components/ledscores-canvas-scene.tsx; ledscores-canvas-scene.module.css","advanced scene rendering","support curated bases and all bindings without breaking custom scenes","scene layer/binding tests"
"modern goal overlay","apps/player/app/_components/ledscores-goal-overlay.tsx; ledscores-goal-overlay.module.css","legacy/fixed goal overlay path","replace new defaults with FieldFlow or route compatibly; preserve historic output","goal alert visual/ack tests"
"sponsor Player","apps/player/app/_lib/player-sponsor.ts","sponsor selection/campaign playback","render all positions via FieldFlow SponsorSlot while preserving logic/PoP","player-sponsor tests"
"Static LG Legacy","apps/player/app/_lib/lg-legacy-page.ts","separate static HTML/CSS/JS renderer","implement all resolved FieldFlow families and fallbacks in Chromium 79-safe code","lg-legacy-player and a11y tests"
"Player recovery","apps/player/app/_components/player-recovery-menu.tsx; apps/player/app/_lib/player-recovery*.ts; apps/player/app/_lib/lg-recovery-page.ts","recovery/status UI","shared FieldFlow system tokens and cause-effect-recovery copy","recovery/watchdog tests"
"pairing","apps/player/app/_lib/player-pairing-machine.ts; apps/player/app/api/player/pairing/**","pairing/recovery state and QR","FieldFlow operational UI; byte-locked logo; readable code/QR","pairing and route tests"
"snapshot migrations","supabase/migrations/20260728630000_sportlink_dynamic_snapshots.sql; supabase/migrations/20260823190000_s122_dynamic_slide_versions.sql; later related migrations","builds/stores immutable dynamic configs and snapshots","new additively versioned FieldFlow snapshot/config; consume display fields; never rewrite published rows","DB reset, RLS, snapshot fixture tests"
"theme settings migration","relevant Supabase tenant theme settings migration and checks","stores default theme/mode/accent/revision","allow/default fieldflow while retaining legacy IDs for old data","migration/RLS/backcompat tests"
"Editorial visual matrix","tests/player/editorial-arena-visual-matrix.spec.ts","48 current news/price/program/results/standing captures","replace ten-theme breadth with complete FieldFlow family/mode/orientation/density/edge matrix","coverage gate and reviewed goldens"
"Menu visual matrix","tests/player/menu-studio-visual-matrix.spec.ts","40 theme/mode/orientation captures","one-theme deep block/density/media/edge matrix","reviewed goldens"
"birthday visuals","tests/player/sportlink-birthdays-visual.spec.ts","mode/orientation captures","expand control combinations, privacy/missing-photo/density","reviewed goldens"
"arrival visuals","tests/player/welcome-arrivals-motion.spec.ts","1-4 cards landscape","add portrait, toggles, sponsor/logo, reduced motion and empty states","reviewed goldens"
"LED visuals","tests/player/ledscores-goal-alert.spec.ts; component tests","goal/live behavior","cover all eight moments, live variants, bindings, orientations and ack","reviewed goldens and durable-ack evidence"
"offline suite","tests/player-offline/**","service worker/startup/cache/LKG","prove FieldFlow assets/fonts/posters and compatibility releases work offline","offline suite"
