surface,role,state,viewport,appearance,motion,fixture,capture,reviewer,decision,diff_baseline,status
today,negative-baseline,contradictory-status,2048x1008,mixed-legacy,static,provided-failed-screenshot,docs/screenshots/fieldflow/negative-baseline/failed-dashboard-20260902.png,package-audit,REJECTED,none,NEGATIVE_BASELINE
studio-new,negative-baseline,invalid-ready,2048x1008,mixed-legacy,static,provided-failed-screenshot,docs/screenshots/fieldflow/negative-baseline/failed-studio-new-20260902.png,package-audit,REJECTED,none,NEGATIVE_BASELINE
marketing-home,negative-baseline,stripe-deck,1920x1080,mixed-legacy,static,provided-failed-screenshot,docs/screenshots/fieldflow/negative-baseline/failed-marketing-20260902.png,package-audit,REJECTED,none,NEGATIVE_BASELINE
today,tenant-operator,empty-unconfigured,390x844,light,reduced,visual-fixture-empty-unconfigured,docs/screenshots/fieldflow/current/today-empty-unconfigured-390x844.png,user-2026-09-04,ACCEPTED,failed-dashboard-20260902,ACCEPTED_BY_USER_2026-09-04
today,tenant-operator,empty-unconfigured,768x1024,light,reduced,visual-fixture-empty-unconfigured,docs/screenshots/fieldflow/current/today-empty-unconfigured-768x1024.png,user-2026-09-04,ACCEPTED,failed-dashboard-20260902,ACCEPTED_BY_USER_2026-09-04
today,tenant-operator,empty-unconfigured,1280x900,light,reduced,visual-fixture-empty-unconfigured,docs/screenshots/fieldflow/current/today-empty-unconfigured-1280x900.png,user-2026-09-04,ACCEPTED,failed-dashboard-20260902,ACCEPTED_BY_USER_2026-09-04
today,tenant-operator,empty-unconfigured,1440x900,light,reduced,visual-fixture-empty-unconfigured,docs/screenshots/fieldflow/current/today-empty-unconfigured-1440x900.png,user-2026-09-04,ACCEPTED,failed-dashboard-20260902,ACCEPTED_BY_USER_2026-09-04
today,tenant-operator,empty-unconfigured,1920x1080,light,reduced,visual-fixture-empty-unconfigured,docs/screenshots/fieldflow/current/today-empty-unconfigured-1920x1080.png,user-2026-09-04,ACCEPTED,failed-dashboard-20260902,ACCEPTED_BY_USER_2026-09-04
today,tenant-operator,empty-unconfigured,2048x1008,light,reduced,visual-fixture-empty-unconfigured,docs/screenshots/fieldflow/current/today-empty-unconfigured-2048x1008.png,user-2026-09-04,ACCEPTED,failed-dashboard-20260902,ACCEPTED_BY_USER_2026-09-04
today,tenant-operator,loading,390x844,light,reduced,visual-fixture-loading,docs/screenshots/fieldflow/current/today-loading-390x844.png,user-2026-09-04,ACCEPTED,failed-dashboard-20260902,ACCEPTED_BY_USER_2026-09-04
today,tenant-operator,loading,768x1024,light,reduced,visual-fixture-loading,docs/screenshots/fieldflow/current/today-loading-768x1024.png,user-2026-09-04,ACCEPTED,failed-dashboard-20260902,ACCEPTED_BY_USER_2026-09-04
today,tenant-operator,loading,1280x900,light,reduced,visual-fixture-loading,docs/screenshots/fieldflow/current/today-loading-1280x900.png,user-2026-09-04,ACCEPTED,failed-dashboard-20260902,ACCEPTED_BY_USER_2026-09-04
today,tenant-operator,loading,1440x900,light,reduced,visual-fixture-loading,docs/screenshots/fieldflow/current/today-loading-1440x900.png,user-2026-09-04,ACCEPTED,failed-dashboard-20260902,ACCEPTED_BY_USER_2026-09-04
today,tenant-operator,loading,1920x1080,light,reduced,visual-fixture-loading,docs/screenshots/fieldflow/current/today-loading-1920x1080.png,user-2026-09-04,ACCEPTED,failed-dashboard-20260902,ACCEPTED_BY_USER_2026-09-04
today,tenant-operator,loading,2048x1008,light,reduced,visual-fixture-loading,docs/screenshots/fieldflow/current/today-loading-2048x1008.png,user-2026-09-04,ACCEPTED,failed-dashboard-20260902,ACCEPTED_BY_USER_2026-09-04
today,tenant-operator,partial-error,390x844,light,reduced,visual-fixture-partial-error,docs/screenshots/fieldflow/current/today-partial-error-390x844.png,user-2026-09-04,ACCEPTED,failed-dashboard-20260902,ACCEPTED_BY_USER_2026-09-04
today,tenant-operator,partial-error,768x1024,light,reduced,visual-fixture-partial-error,docs/screenshots/fieldflow/current/today-partial-error-768x1024.png,user-2026-09-04,ACCEPTED,failed-dashboard-20260902,ACCEPTED_BY_USER_2026-09-04
today,tenant-operator,partial-error,1280x900,light,reduced,visual-fixture-partial-error,docs/screenshots/fieldflow/current/today-partial-error-1280x900.png,user-2026-09-04,ACCEPTED,failed-dashboard-20260902,ACCEPTED_BY_USER_2026-09-04
today,tenant-operator,partial-error,1440x900,light,reduced,visual-fixture-partial-error,docs/screenshots/fieldflow/current/today-partial-error-1440x900.png,user-2026-09-04,ACCEPTED,failed-dashboard-20260902,ACCEPTED_BY_USER_2026-09-04
today,tenant-operator,partial-error,1920x1080,light,reduced,visual-fixture-partial-error,docs/screenshots/fieldflow/current/today-partial-error-1920x1080.png,user-2026-09-04,ACCEPTED,failed-dashboard-20260902,ACCEPTED_BY_USER_2026-09-04
today,tenant-operator,partial-error,2048x1008,light,reduced,visual-fixture-partial-error,docs/screenshots/fieldflow/current/today-partial-error-2048x1008.png,user-2026-09-04,ACCEPTED,failed-dashboard-20260902,ACCEPTED_BY_USER_2026-09-04
today,tenant-operator,full-error,390x844,light,reduced,visual-fixture-full-error,docs/screenshots/fieldflow/current/today-full-error-390x844.png,user-2026-09-04,ACCEPTED,failed-dashboard-20260902,ACCEPTED_BY_USER_2026-09-04
today,tenant-operator,full-error,768x1024,light,reduced,visual-fixture-full-error,docs/screenshots/fieldflow/current/today-full-error-768x1024.png,user-2026-09-04,ACCEPTED,failed-dashboard-20260902,ACCEPTED_BY_USER_2026-09-04
today,tenant-operator,full-error,1280x900,light,reduced,visual-fixture-full-error,docs/screenshots/fieldflow/current/today-full-error-1280x900.png,user-2026-09-04,ACCEPTED,failed-dashboard-20260902,ACCEPTED_BY_USER_2026-09-04
today,tenant-operator,full-error,1440x900,light,reduced,visual-fixture-full-error,docs/screenshots/fieldflow/current/today-full-error-1440x900.png,user-2026-09-04,ACCEPTED,failed-dashboard-20260902,ACCEPTED_BY_USER_2026-09-04
today,tenant-operator,full-error,1920x1080,light,reduced,visual-fixture-full-error,docs/screenshots/fieldflow/current/today-full-error-1920x1080.png,user-2026-09-04,ACCEPTED,failed-dashboard-20260902,ACCEPTED_BY_USER_2026-09-04
today,tenant-operator,full-error,2048x1008,light,reduced,visual-fixture-full-error,docs/screenshots/fieldflow/current/today-full-error-2048x1008.png,user-2026-09-04,ACCEPTED,failed-dashboard-20260902,ACCEPTED_BY_USER_2026-09-04
today,tenant-operator,healthy,390x844,light,reduced,visual-fixture-healthy,docs/screenshots/fieldflow/current/today-healthy-390x844.png,user-2026-09-04,ACCEPTED,failed-dashboard-20260902,ACCEPTED_BY_USER_2026-09-04
today,tenant-operator,healthy,768x1024,light,reduced,visual-fixture-healthy,docs/screenshots/fieldflow/current/today-healthy-768x1024.png,user-2026-09-04,ACCEPTED,failed-dashboard-20260902,ACCEPTED_BY_USER_2026-09-04
today,tenant-operator,healthy,1280x900,light,reduced,visual-fixture-healthy,docs/screenshots/fieldflow/current/today-healthy-1280x900.png,user-2026-09-04,ACCEPTED,failed-dashboard-20260902,ACCEPTED_BY_USER_2026-09-04
today,tenant-operator,healthy,1440x900,light,reduced,visual-fixture-healthy,docs/screenshots/fieldflow/current/today-healthy-1440x900.png,user-2026-09-04,ACCEPTED,failed-dashboard-20260902,ACCEPTED_BY_USER_2026-09-04
today,tenant-operator,healthy,1920x1080,light,reduced,visual-fixture-healthy,docs/screenshots/fieldflow/current/today-healthy-1920x1080.png,user-2026-09-04,ACCEPTED,failed-dashboard-20260902,ACCEPTED_BY_USER_2026-09-04
today,tenant-operator,healthy,2048x1008,light,reduced,visual-fixture-healthy,docs/screenshots/fieldflow/current/today-healthy-2048x1008.png,user-2026-09-04,ACCEPTED,failed-dashboard-20260902,ACCEPTED_BY_USER_2026-09-04
studio-new,content-editor,empty,390x844,light,reduced,visual-fixture-empty,docs/screenshots/fieldflow/current/studio-new-empty-390x844.png,user-2026-09-04,ACCEPTED,failed-studio-new-20260902,ACCEPTED_BY_USER_2026-09-04
studio-new,content-editor,empty,768x1024,light,reduced,visual-fixture-empty,docs/screenshots/fieldflow/current/studio-new-empty-768x1024.png,user-2026-09-04,ACCEPTED,failed-studio-new-20260902,ACCEPTED_BY_USER_2026-09-04
studio-new,content-editor,empty,1440x900,light,reduced,visual-fixture-empty,docs/screenshots/fieldflow/current/studio-new-empty-1440x900.png,user-2026-09-04,ACCEPTED,failed-studio-new-20260902,ACCEPTED_BY_USER_2026-09-04
studio-new,content-editor,empty,2048x1008,light,reduced,visual-fixture-empty,docs/screenshots/fieldflow/current/studio-new-empty-2048x1008.png,user-2026-09-04,ACCEPTED,failed-studio-new-20260902,ACCEPTED_BY_USER_2026-09-04
studio-new,content-editor,valid,390x844,light,reduced,visual-fixture-valid,docs/screenshots/fieldflow/current/studio-new-valid-390x844.png,user-2026-09-04,ACCEPTED,failed-studio-new-20260902,ACCEPTED_BY_USER_2026-09-04
studio-new,content-editor,valid,768x1024,light,reduced,visual-fixture-valid,docs/screenshots/fieldflow/current/studio-new-valid-768x1024.png,user-2026-09-04,ACCEPTED,failed-studio-new-20260902,ACCEPTED_BY_USER_2026-09-04
studio-new,content-editor,valid,1440x900,light,reduced,visual-fixture-valid,docs/screenshots/fieldflow/current/studio-new-valid-1440x900.png,user-2026-09-04,ACCEPTED,failed-studio-new-20260902,ACCEPTED_BY_USER_2026-09-04
studio-new,content-editor,valid,2048x1008,light,reduced,visual-fixture-valid,docs/screenshots/fieldflow/current/studio-new-valid-2048x1008.png,user-2026-09-04,ACCEPTED,failed-studio-new-20260902,ACCEPTED_BY_USER_2026-09-04
studio-new,content-editor,landscape,390x844,light,reduced,visual-fixture-landscape,docs/screenshots/fieldflow/current/studio-new-landscape-390x844.png,user-2026-09-04,ACCEPTED,failed-studio-new-20260902,ACCEPTED_BY_USER_2026-09-04
studio-new,content-editor,landscape,768x1024,light,reduced,visual-fixture-landscape,docs/screenshots/fieldflow/current/studio-new-landscape-768x1024.png,user-2026-09-04,ACCEPTED,failed-studio-new-20260902,ACCEPTED_BY_USER_2026-09-04
studio-new,content-editor,landscape,1440x900,light,reduced,visual-fixture-landscape,docs/screenshots/fieldflow/current/studio-new-landscape-1440x900.png,user-2026-09-04,ACCEPTED,failed-studio-new-20260902,ACCEPTED_BY_USER_2026-09-04
studio-new,content-editor,landscape,2048x1008,light,reduced,visual-fixture-landscape,docs/screenshots/fieldflow/current/studio-new-landscape-2048x1008.png,user-2026-09-04,ACCEPTED,failed-studio-new-20260902,ACCEPTED_BY_USER_2026-09-04
studio-new,content-editor,portrait,390x844,light,reduced,visual-fixture-portrait,docs/screenshots/fieldflow/current/studio-new-portrait-390x844.png,user-2026-09-04,ACCEPTED,failed-studio-new-20260902,ACCEPTED_BY_USER_2026-09-04
studio-new,content-editor,portrait,768x1024,light,reduced,visual-fixture-portrait,docs/screenshots/fieldflow/current/studio-new-portrait-768x1024.png,user-2026-09-04,ACCEPTED,failed-studio-new-20260902,ACCEPTED_BY_USER_2026-09-04
studio-new,content-editor,portrait,1440x900,light,reduced,visual-fixture-portrait,docs/screenshots/fieldflow/current/studio-new-portrait-1440x900.png,user-2026-09-04,ACCEPTED,failed-studio-new-20260902,ACCEPTED_BY_USER_2026-09-04
studio-new,content-editor,portrait,2048x1008,light,reduced,visual-fixture-portrait,docs/screenshots/fieldflow/current/studio-new-portrait-2048x1008.png,user-2026-09-04,ACCEPTED,failed-studio-new-20260902,ACCEPTED_BY_USER_2026-09-04
studio-new,content-editor,template,390x844,light,reduced,visual-fixture-template,docs/screenshots/fieldflow/current/studio-new-template-390x844.png,user-2026-09-04,ACCEPTED,failed-studio-new-20260902,ACCEPTED_BY_USER_2026-09-04
studio-new,content-editor,template,768x1024,light,reduced,visual-fixture-template,docs/screenshots/fieldflow/current/studio-new-template-768x1024.png,user-2026-09-04,ACCEPTED,failed-studio-new-20260902,ACCEPTED_BY_USER_2026-09-04
studio-new,content-editor,template,1440x900,light,reduced,visual-fixture-template,docs/screenshots/fieldflow/current/studio-new-template-1440x900.png,user-2026-09-04,ACCEPTED,failed-studio-new-20260902,ACCEPTED_BY_USER_2026-09-04
studio-new,content-editor,template,2048x1008,light,reduced,visual-fixture-template,docs/screenshots/fieldflow/current/studio-new-template-2048x1008.png,user-2026-09-04,ACCEPTED,failed-studio-new-20260902,ACCEPTED_BY_USER_2026-09-04
studio-new,content-editor,long-copy,390x844,light,reduced,visual-fixture-long-copy,docs/screenshots/fieldflow/current/studio-new-long-copy-390x844.png,user-2026-09-04,ACCEPTED,failed-studio-new-20260902,ACCEPTED_BY_USER_2026-09-04
studio-new,content-editor,long-copy,768x1024,light,reduced,visual-fixture-long-copy,docs/screenshots/fieldflow/current/studio-new-long-copy-768x1024.png,user-2026-09-04,ACCEPTED,failed-studio-new-20260902,ACCEPTED_BY_USER_2026-09-04
studio-new,content-editor,long-copy,1440x900,light,reduced,visual-fixture-long-copy,docs/screenshots/fieldflow/current/studio-new-long-copy-1440x900.png,user-2026-09-04,ACCEPTED,failed-studio-new-20260902,ACCEPTED_BY_USER_2026-09-04
studio-new,content-editor,long-copy,2048x1008,light,reduced,visual-fixture-long-copy,docs/screenshots/fieldflow/current/studio-new-long-copy-2048x1008.png,user-2026-09-04,ACCEPTED,failed-studio-new-20260902,ACCEPTED_BY_USER_2026-09-04
marketing-home,prospect,loaded,390x844,light,reduced,visual-fixture-loaded,docs/screenshots/fieldflow/current/marketing-home-loaded-390x844.png,user-2026-09-04,ACCEPTED,failed-marketing-20260902,ACCEPTED_BY_USER_2026-09-04
marketing-home,prospect,loaded,768x1024,light,reduced,visual-fixture-loaded,docs/screenshots/fieldflow/current/marketing-home-loaded-768x1024.png,user-2026-09-04,ACCEPTED,failed-marketing-20260902,ACCEPTED_BY_USER_2026-09-04
marketing-home,prospect,loaded,1440x900,light,reduced,visual-fixture-loaded,docs/screenshots/fieldflow/current/marketing-home-loaded-1440x900.png,user-2026-09-04,ACCEPTED,failed-marketing-20260902,ACCEPTED_BY_USER_2026-09-04
marketing-home,prospect,loaded,1920x1080,light,reduced,visual-fixture-loaded,docs/screenshots/fieldflow/current/marketing-home-loaded-1920x1080.png,user-2026-09-04,ACCEPTED,failed-marketing-20260902,ACCEPTED_BY_USER_2026-09-04
marketing-home,prospect,image-failure,390x844,light,reduced,visual-fixture-image-failure,docs/screenshots/fieldflow/current/marketing-home-image-failure-390x844.png,user-2026-09-04,ACCEPTED,failed-marketing-20260902,ACCEPTED_BY_USER_2026-09-04
marketing-home,prospect,image-failure,768x1024,light,reduced,visual-fixture-image-failure,docs/screenshots/fieldflow/current/marketing-home-image-failure-768x1024.png,user-2026-09-04,ACCEPTED,failed-marketing-20260902,ACCEPTED_BY_USER_2026-09-04
marketing-home,prospect,image-failure,1440x900,light,reduced,visual-fixture-image-failure,docs/screenshots/fieldflow/current/marketing-home-image-failure-1440x900.png,user-2026-09-04,ACCEPTED,failed-marketing-20260902,ACCEPTED_BY_USER_2026-09-04
marketing-home,prospect,image-failure,1920x1080,light,reduced,visual-fixture-image-failure,docs/screenshots/fieldflow/current/marketing-home-image-failure-1920x1080.png,user-2026-09-04,ACCEPTED,failed-marketing-20260902,ACCEPTED_BY_USER_2026-09-04
marketing-home,prospect,setup-desktop,1440x900,light,reduced,visual-reference-setup,docs/screenshots/fieldflow/current/marketing-home-setup-desktop-1440x900.png,user-2026-09-04,ACCEPTED,docs/screenshots/fieldflow/reference-targets/target-marketing-1905x5961.png,ACCEPTED_BY_USER_2026-09-04
marketing-home,prospect,setup-mobile,390x844,light,reduced,visual-reference-setup,docs/screenshots/fieldflow/current/marketing-home-setup-mobile-390x844.png,user-2026-09-04,ACCEPTED,docs/screenshots/fieldflow/reference-targets/target-marketing-1905x5961.png,ACCEPTED_BY_USER_2026-09-04
control-shell,tenant-operator,expanded,1440x900,light,reduced,visual-fixture-expanded,docs/screenshots/fieldflow/current/control-shell-expanded-1440x900.png,user-2026-09-04,ACCEPTED,failed-dashboard-20260902,ACCEPTED_BY_USER_2026-09-04
control-shell,tenant-operator,collapsed,1440x900,light,reduced,visual-fixture-collapsed,docs/screenshots/fieldflow/current/control-shell-collapsed-1440x900.png,user-2026-09-04,ACCEPTED,failed-dashboard-20260902,ACCEPTED_BY_USER_2026-09-04
control-shell,tenant-operator,mobile-open,390x844,light,reduced,visual-fixture-mobile-open,docs/screenshots/fieldflow/current/control-shell-mobile-open-390x844.png,user-2026-09-04,ACCEPTED,failed-dashboard-20260902,ACCEPTED_BY_USER_2026-09-04
control-shell,tenant-operator,mobile-closed,390x844,light,reduced,visual-fixture-mobile-closed,docs/screenshots/fieldflow/current/control-shell-mobile-closed-390x844.png,user-2026-09-04,ACCEPTED,failed-dashboard-20260902,ACCEPTED_BY_USER_2026-09-04
overview,tenant-operator,exact-reference,1920x945,light,reduced,visual-reference-healthy,docs/screenshots/fieldflow/current/reference-overview-1920x945.png,user-2026-09-04,ACCEPTED,docs/screenshots/fieldflow/reference-targets/target-overview-1920x945.png,ACCEPTED_BY_USER_2026-09-04
planning,tenant-operator,exact-reference,1920x945,light,reduced,visual-reference-week,docs/screenshots/fieldflow/current/reference-planning-1920x945.png,user-2026-09-04,ACCEPTED,docs/screenshots/fieldflow/reference-targets/target-planning-1920x945.png,ACCEPTED_BY_USER_2026-09-04
screens,tenant-operator,exact-reference,1920x945,light,reduced,visual-reference-fleet,docs/screenshots/fieldflow/current/reference-screens-1920x945.png,user-2026-09-04,ACCEPTED,docs/screenshots/fieldflow/reference-targets/target-screens-1920x945.png,ACCEPTED_BY_USER_2026-09-04
studio-editor,tenant-operator,exact-reference,1920x945,light,reduced,visual-reference-matchday,docs/screenshots/fieldflow/current/reference-studio-1920x945.png,user-2026-09-04,ACCEPTED,docs/screenshots/fieldflow/reference-targets/target-studio-1920x945.png,ACCEPTED_BY_USER_2026-09-04
marketing-home,prospect,exact-reference,1905x5961,light,reduced,visual-reference-full-page,docs/screenshots/fieldflow/current/reference-marketing-full-1905x945.png,user-2026-09-04,ACCEPTED,docs/screenshots/fieldflow/reference-targets/target-marketing-1905x5961.png,ACCEPTED_BY_USER_2026-09-04
