trace_id,logical_field,ui_path,validation_path,persistence_path,snapshot_path,asset_collector_path,modern_path,lg_path,preview_poster_path,status,test_evidence,notes
CFG-001,theme.family,tenant-theme-editor.tsx; fieldflow/actions.ts,packages/contracts/src/theme-engine.ts,tenant_theme_profiles.theme_id; tenant_settings.default_theme_id,private.build_dynamic_snapshot_data,none,theme-catalog.ts; dynamic-template-view.ts,lg-legacy-page.ts,dynamic preview; worker backend,IMPLEMENTED_TEST_PENDING,theme catalog unit; final gates pending,fieldflow is sole authoring ID; legacy IDs render-only
CFG-002,theme.mode,tenant-theme-editor.tsx; editorial-theme-editor.tsx,themeSelectionSchema; resolve_theme_mode_v1,tenant_theme_profiles.selection_json.modePolicy,themePresentation.resolvedMode,none,dynamic-template-view.ts,lg-legacy-page.ts,shared preview/worker PNG,IMPLEMENTED_TEST_PENDING,theme mode unit; final browser pending,mode is frozen before playback
CFG-003,theme.designRevision,no free UI; tenant style summary,themeAppearanceSettingsSchema,tenant_theme_profiles.appearance_config.designRevision,themePresentation.appearance.designRevision,none,dynamic-template-view.ts v8 guard,lg-legacy-page.ts v8 guard,shared preview/worker PNG,IMPLEMENTED_TEST_PENDING,contract/LG guard unit added,only explicit frozen v2 activates v8
CFG-004,brand.primary,tenant-theme-editor.tsx; primary-color-field.tsx,normalizeClubHex; actions.ts,tenant_theme_profiles.appearance_config.palette.primary; selection_json.accent,themePresentation.appearance.palette.primary,none,royal-current-theme.ts,precomputed LG palette,preview uses createRoyalCurrentPalette,IMPLEMENTED_TEST_PENDING,44 vectors + Control editor unit,invalid draft preserves last valid palette
CFG-005,brand.background,tenant-theme-editor.tsx,clubStyleConfigurationSchema; actions.ts,appearance_config.palette.background,themePresentation.appearance.palette.background,none,createRoyalCurrentPalette,precomputed LG palette,both-mode preview,IMPLEMENTED_TEST_PENDING,44 vectors,club or neutral only
CFG-006,brand.secondary,tenant-theme-editor.tsx,normalizeClubHex; actions.ts,appearance_config.palette.secondary; selection_json.support,themePresentation.appearance.palette.secondary,none,createRoyalCurrentPalette,precomputed LG palette,both-mode preview,IMPLEMENTED_TEST_PENDING,44 vectors,decorative only; null allowed
CFG-007,typography.font,tenant-theme-editor.tsx; Studio font choices,curatedThemeFontRefs; manifest schema,appearance_config.typography display/body refs,themePresentation.appearance.typography,manifest/font asset lock,renderer CSS font vars,Static LG @font-face,Control preview; worker Studio/dynamic render,IMPLEMENTED_TEST_PENDING,font-lock tests; final offline pending,Roboto default; approved legacy fonts remain selectable
CFG-008,typography.scale,tenant-theme-editor.tsx,themeAppearanceSettingsSchema 0.9..1.2,appearance_config.typography.baseScale,themePresentation.appearance.typography.baseScale,none,renderer --type-scale,Static LG type scale,shared preview/worker PNG,IMPLEMENTED_TEST_PENDING,contract tests; 90/120 visual pending,no silent shrink below selected scale
CFG-009,motion.enabled,tenant-theme-editor.tsx,themeAppearanceSettingsSchema boolean,appearance_config.motionEnabled,themePresentation.appearance.motionEnabled,none,dynamic view data-motion,Static LG reduced/static path,shared preview/worker PNG,IMPLEMENTED_TEST_PENDING,renderer motion unit; lifecycle pending,prefers-reduced-motion remains ceiling
CFG-010,orientation,existing slide/screen controls,PlayerDynamicTemplatePayload schema,existing slide/screen configuration,snapshot orientation/release manifest,orientation-specific media assets,dynamic renderer logical canvas,Static LG logical canvas,SportlinkMatchRowPreview and worker payload,PRESERVED_REVERIFY,two-column browser assertions and two landscape goldens green; preview 3/3,portrait forces one column; editor panel size is not authority
CFG-011,fixture.showDate,sportlink-bulk-wizard.tsx; version editor,existing strict display validator,dynamic configuration display.showDate,snapshot displayConfig.showDate,none,ProgramRow/ResultRow,Static LG fixture rows,SportlinkMatchRowPreview and worker PNG,IMPLEMENTED_TEST_PENDING,content alignment unit; browser show/hide/order assertion; preview 3/3,field removal also removes track/label; full property matrix pending
CFG-012,fixture.showTime,sportlink-bulk-wizard.tsx; version editor,existing strict display validator,dynamic configuration display.showTime,snapshot displayConfig.showTime,none,ProgramRow/ResultRow,Static LG fixture rows,SportlinkMatchRowPreview and worker PNG,IMPLEMENTED_TEST_PENDING,Afgelast/time-off unit; browser show/hide/order assertion; preview 3/3,actual cancellation overrides toggle
CFG-013,fixture.showRoom,sportlink-bulk-wizard.tsx; version editor,existing strict display validator,showHomeDressingRoom/showAwayDressingRoom,normalized snapshot displayConfig,none,ProgramRow detail rail,Static LG detail rail,SportlinkMatchRowPreview and worker PNG,IMPLEMENTED_TEST_PENDING,browser home/away room order and containment assertions; preview 3/3,legacy master is OR of side flags; full property matrix pending
CFG-014,fixture.showField,sportlink-bulk-wizard.tsx; version editor,existing strict display validator,dynamic configuration display.showField,snapshot displayConfig.showField,none,ProgramRow detail rail,Static LG detail rail,SportlinkMatchRowPreview and worker PNG,IMPLEMENTED_TEST_PENDING,browser independently hides field while preserving sportpark; preview 3/3,no reserved empty track when false; full property matrix pending
CFG-015,fixture.showOfficial,sportlink-bulk-wizard.tsx; version editor,existing strict display validator,dynamic configuration display.showReferee,snapshot displayConfig.showReferee,none,ProgramRow detail rail,Static LG detail rail,SportlinkMatchRowPreview and worker PNG,IMPLEMENTED_TEST_PENDING,browser referee order/visibility assertion; preview 3/3,official arrays/roles remain source-owned; full property matrix pending
CFG-016,fixture.showLogos,sportlink-bulk-wizard.tsx; version editor,existing strict display validator,showHomeLogo/showAwayLogo,normalized snapshot displayConfig,home/away logo asset collectors,ProgramRow/ResultRow,Static LG fixture rows,SportlinkMatchRowPreview and worker PNG,IMPLEMENTED_TEST_PENDING,worker logo tests; browser independent logo order/hide assertions; preview 3/3,legacy master is OR of side flags; full property matrix pending
CFG-017,fixture.status,no authoring fake status,provider/snapshot status normalization,fixture status/cancelled source field,immutable fixture item status,none,cancellationChip in renderer,Static LG cancellation chip,shared preview/worker PNG,IMPLEMENTED_TEST_PENDING,Afgelast same-position unit,status remains visible when time false
CFG-018,sport.teamIds,Sportlink bulk/version multiselect,server/domain team ownership validators,dynamic configuration teamSelection.teamIds,snapshot builder exact tenant/connection matching,provider/team logos,dynamic view receives selected rows,Static LG same snapshot,shared preview/worker PNG,PRESERVED_REVERIFY,S154/S158 regression + final RLS pending,only active own tenant teams for club scope
CFG-019,sport.homeAway,Sportlink bulk/version radio,server/domain matchLocation validator,dynamic configuration teamSelection.matchLocation,snapshot builder compares real home/away side,home/away assets follow selected fixtures,dynamic renderer,Static LG same snapshot,shared preview/worker PNG,PRESERVED_REVERIFY,S154/S158 regression + final RLS pending,never infer authority from is_home_match alone
CFG-020,sport.period,Sportlink bulk/version period controls,existing blueprint/domain validator,dynamic configuration period/range,snapshot provider window filter,assets from selected window,dynamic renderer pages,Static LG same snapshot,shared preview/worker PNG,PRESERVED_REVERIFY,existing Sportlink tests + final gates pending,today/next7/past7 and current ranges preserved
CFG-021,sport.poolPhase,Sportlink bulk/version selectors,exact pool/phase/competition validator,dynamic configuration pool context,snapshot resolves one competition/phase/pool/season,club assets from exact pool,dynamic renderer pages,Static LG same snapshot,shared preview/worker PNG,PRESERVED_REVERIFY,S158 DB regressions + final RLS pending,poule includes foreign-vs-foreign; ambiguity fails empty
CFG-022,sport.unknownScore,no special UI value,nullable score contract,provider fixture score null,immutable item nullable score,none,ResultRow reserved blank score,Static LG blank score,SportlinkMatchRowPreview and worker PNG,IMPLEMENTED_TEST_PENDING,null-score unit plus browser empty-score assertion plus preview 3/3,0-0 remains a known valid score; preview invents no score
CFG-023,standings.ownTeamId,Sportlink selected tenant team,stable team/pool identity validation,dynamic configuration/source identity,snapshot standings own identity,team logo assets,dynamic-template-view standingPinnedTeam,Static LG pinned row,shared preview/worker PNG,IMPLEMENTED_TEST_PENDING,pinned+ordinary row unit,never name-prefix/rank inference
CFG-024,standings.fullStats,no per-column removal in S161,standing item schema,provider snapshot full standing row,immutable standing items,team logo assets,Standing renderer,Static LG standing,shared preview/worker PNG,IMPLEMENTED_TEST_PENDING,final full-field visual pending,# logo team G W GL V P DV DT +/- form retained
CFG-025,standings.overflowPolicy,tenant motion setting only,bounded motion config,appearance.motionEnabled; page duration,frozen motion flag and pages,none,standing window/CSS animation,Static LG cut/paging path,preview/poster stable frame,IMPLEMENTED_TEST_PENDING,unit source contract; browser lifecycle pending,3s + 34px/s + 3s; reduced motion pages
CFG-026,arrivals.slotCount,arrival wizard cardCount,integer 1..3 for visitors,dynamic configuration sport.arrivalConfig.cardCount,snapshot arrivalConfig; view arrivalSlots,visitor logo assets,ArrivalCard fixed grid,Static LG fixed grid,shared preview/worker PNG,IMPLEMENTED_TEST_PENDING,1/2/3 slot unit; 12-case visual pending,default 3; unused slots remain empty
CFG-027,arrivals.window,sportlink-arrival-fields.tsx,existing bounded unit/timezone validator,dynamic configuration arrival window,snapshot absolute startsAt filtering,selected arrival assets,dynamic arrival pages,Static LG same snapshot,shared preview/worker PNG,PRESERVED_REVERIFY,existing S136/S150 tests + final gates pending,stable timestamp sort first
CFG-028,arrivals.welcomeText,sportlink-arrival-fields.tsx,existing bounded copy validator,dynamic configuration arrivalConfig.welcomeText,snapshot arrivalConfig/labels,none,Arrival renderer,Static LG arrival renderer,shared preview/worker PNG,PRESERVED_REVERIFY,final wizard/reload test pending,no hardcoded tenant name
CFG-029,arrivals.showClubLogo,sportlink-arrival-fields.tsx,existing boolean validator,dynamic configuration arrivalConfig.showClubLogo,snapshot arrivalConfig,club/visitor logo collector,Arrival renderer,Static LG arrival renderer,shared preview/worker PNG,PRESERVED_REVERIFY,final toggle matrix pending,missing logo uses fixed fallback geometry
CFG-030,arrivals.showSponsor,sportlink-arrival-fields.tsx,existing boolean validator,dynamic configuration arrivalConfig.showSponsor,snapshot arrivalConfig,sponsor asset collector when visible,arrival/referee renderer,Static LG arrival renderer,shared preview/worker PNG,PRESERVED_REVERIFY,worker visible-sponsor unit,creative remains contain/unmodified
CFG-031,arrivals.sponsorMediaAssetId,sportlink-arrival-fields.tsx,tenant-ready media validation,dynamic configuration arrivalConfig.sponsorMediaAssetId,snapshot arrivalConfig,media-worker adds only when showSponsor,arrival/referee renderer,Static LG arrival renderer,shared preview/worker PNG,PRESERVED_REVERIFY,worker asset unit; final RLS pending,no cross-tenant/provider asset leak
CFG-032,news.variant,news/editorial editor,editorial config schema enum,dynamic configuration editorial.newsVariant,immutable snapshot editorial/view,hero/thumbnail/QR assets,Editorial Arena four variants,Static LG four variants,shared preview/worker PNG,IMPLEMENTED_TEST_PENDING,renderer unit; 16-case visual pending,hero_split/fullscreen_gradient/news_grid/text_only
CFG-033,news.sourceFilters,news wizard,existing source/tenant validator,dynamic configuration source binding,snapshot content projection,selected ready article assets,news pages,Static LG news,shared preview/worker PNG,PRESERVED_REVERIFY,existing news tests + final gates pending,no restyle of source semantics
CFG-034,news.heroAndFocal,news wizard,existing tenant-ready asset/focal validator,dynamic article/item configuration,immutable article item,hero asset collector,news image layout,Static LG image layout,shared preview/worker PNG,PRESERVED_REVERIFY,worker asset tests + final visual pending,missing hero follows explicit variant policy
CFG-035,news.urlAndQr,news source pipeline,validated article link/QR generation,article URL plus qrMediaAssetId,immutable article item,QR media asset collector,QR-only NewsQr,Static LG QR-only,shared preview/worker PNG,IMPLEMENTED_TEST_PENDING,QR-caption absence unit; decode browser pending,URL and QR destination must match
CFG-036,menu.source,Menu Studio/price editor,existing manual/Twelve/linked validation,MenuDocument/source binding,immutable menu document,menu assets collector,MenuScene,Static LG Menu v2,preview/worker PNG,PRESERVED_REVERIFY,existing Menu tests + final gates pending,source behavior is not replaced by theme
CFG-037,menu.documentBlocks,Menu Studio,MenuDocument v2 strict schema,MenuDocument blocks in dynamic configuration,immutable menu document,image/video/logo/poster collector,MenuScene all blocks,Static LG all blocks,preview/worker PNG,IMPLEMENTED_TEST_PENDING,worker Menu asset unit; full block matrix pending,category/product-group/image/video/logo/text/promo
CFG-038,menu.photosAvailabilityPrices,Menu Studio/price editor,existing menu/product validators,MenuDocument product fields,immutable menu document,product/logo/photo/poster assets,MenuScene/price renderer,Static LG Menu/price,preview/worker PNG,PRESERVED_REVERIFY,existing Menu tests + final visual pending,no theme-driven creative recolor
CFG-039,birthday.selectionPolicy,birthday-wizard.tsx,birthday contract/state validator,birthday dynamic configuration,immutable birthday selection/presentation,photo/background/logo collector,Editorial Arena birthday,Static LG birthday,shared preview/worker PNG,IMPLEMENTED_TEST_PENDING,theme snapshot path added; birthday suite pending,name/age/photo/privacy policies preserved
CFG-040,engage.pollBinding,Engage editor,engage contract and tenant capability,immutable fallback + live campaign ID,frozen theme plus live binding,QR/fallback assets,engage-playback-media.tsx,immutable fallback path,Control/live preview,IMPLEMENTED_TEST_PENDING,5 targeted Engage tests added,no new voting backend
CFG-041,engage.visibilityState,Engage editor,engage state contract,live campaign state,frozen fallback plus current allowed state,none,engage-playback-media.tsx,immutable fallback path,Control/live preview,IMPLEMENTED_TEST_PENDING,closed/unknown/zero unit cases,hidden/closed never shows active voting CTA
CFG-042,engage.voteUrl,Engage editor,validated tenant/poll public URL,immutable fallback/live poll contract,frozen vote destination,QR asset/local generation,engage QR CTA,immutable fallback QR,Control/live preview,IMPLEMENTED_TEST_PENDING,Engage QR unit; decode pending,no news/demo URL fallback
CFG-043,led.liveMatchBinding,LED Scores wizard,LED match contract/capabilities,live configuration and immutable fallback,frozen theme + live match binding,team/background assets,ledscores-match-experience.tsx,existing Static LG/fallback route,Control/live preview,IMPLEMENTED_TEST_PENDING,targeted live match tests added,dedupe/ack/playlist return unchanged
CFG-044,led.momentScenes,LED canvas/alert editor,LED scene contract 8 keys,user/curated scene configuration,frozen scene plus live bindings,scene media collector,LED canvas/goal components,existing fallback route,Control/Studio preview,IMPLEMENTED_TEST_PENDING,targeted scene/overlay tests added,user scenes never overwritten
CFG-045,sponsor.slotsAndCampaigns,Sponsor Hub,existing sponsor contract/RLS,campaign revisions/positions,immutable delivery plan,creative/poster collector,existing sponsor runtime,existing Static LG sponsor path,Sponsor previews,PARTIAL_PENDING,existing sponsor/PoP tests need final rerun,all six positions preserved; collision goldens pending
CFG-046,asset.homeAwayLogo,Sportlink wizard/source mapping,tenant/provider asset readiness,fixture home/away logo IDs,immutable item asset IDs,media-worker dynamic-render-backend.ts,Program/Result/Arrival/Match renderers,Static LG same IDs,preview/worker PNG,IMPLEMENTED_TEST_PENDING,worker visitor asset test; final offline pending,home and away independently collected
CFG-047,asset.footerBrand,tenant settings and existing brand controls,locked asset policy/ready validation,tenant/slide brand reference,immutable snapshot/release asset list,existing brand asset collector,absolute renderer footer,Static LG absolute footer,preview/worker PNG,PRESERVED_REVERIFY,final locked-asset/offline suite pending,official VeyoCast lock-up rules unchanged
CFG-048,player.snapshotStyle,no Player-side style UI,themePresentationSnapshotSchema,tenant_theme_profiles only before snapshot,themePresentation snapshotVersion 1 or 2,all referenced ready assets,dynamic-template-view frozen authority,lg-legacy-page frozen authority,Control/worker consume same snapshot,IMPLEMENTED_TEST_PENDING,theme authority + LG guard unit; final parity pending,Player never reads live tenant settings
CFG-049,wizard.perSlideOverrides,tenant-style-summary.tsx; SportlinkMatchRowPreview; central theme editor,server requires tenant theme authority,tenant profile plus existing content-specific options,new snapshots receive tenant authority,content-specific assets unchanged,shared renderer,Static LG shared snapshot,live Sportlink draft preview and worker PNG,PARTIAL_PENDING,Control 70/390; Sportlink preview 3/3; create/edit/reload matrix pending,S161 removes orphan per-slide colors; content display toggles remain independently live in preview
CFG-050,existingOtherControls,all current Control source editors,existing contracts/domain/server actions,existing per-family configuration,existing immutable snapshot builders,existing asset collectors,shared renderer/live outputs,Static LG/fallback routes,preview/thumbnail/poster,PRESERVED_REVERIFY,full workspace/a11y/E2E/RLS pending,this matrix is minimum; no source/filter control intentionally deleted
