requirement_id,requirement_summary,implementation_status,code_evidence,test_evidence,visual_or_release_evidence,remaining_gate
BRON-01,Actuele HEAD en instructies vastleggen; historische audit niet als HEAD claimen,VERIFIED,README.md; S161 sprintprompt,git baseline e11140c vastgelegd,not applicable,final commit SHA toevoegen na commit
BRON-02,Actuele registries/allowlists en minimaal 64 surfaces inventariseren,VERIFIED,SURFACE-COVERAGE.csv,CSV parse: 64/64 rows,not applicable,final diff review after all agent edits
BRON-03,Eén zichtbare family met Royal Current light en Navy Glass dark,IMPLEMENTED_TEST_PENDING,theme-engine.ts; THEME-MANIFEST.v1.json; theme-catalog.ts,content 13/107; production coverage 92/92,modern goldenmatrix 64/64 reviewed refreshed and green; no prototype pixelmatch,final integrated build/player/LG gates
BRON-04,Finale welkomwijziging en beide oriëntaties boven oude comments,IMPLEMENTED_VISUAL_PENDING,dynamic-template-view.ts; editorial renderer; lg-legacy-page.ts,slot/logo unit plus 12/12 production implementation coverage,no prototype pixelmatch between reference and implementation,review prototype ref/new/diff and physical LG
BRON-05,Geen automatische logoachtergrondverwijdering,OUT_OF_SCOPE_CONFIRMED,no processing/filter service added; canon delta,changed-file review pending,not applicable,final diff scan
BRON-06,Actieve v8-renderroute en bronbytes/hashes volgen,VERIFIED,royal-current-theme.ts; renderer CSS; font lock; reference and implementation specs,package verifier PASS; source 92/92; implementation 92/92 with 80 thumbnail and 12 runtime,implementation coverage is not a prototype pixelmatch,final prototype visual comparison
DESIGN-01,Logisch 1920x1080/1080x1920 en proportionele schaal,IMPLEMENTED_VISUAL_PENDING,editorial renderer CSS; lg-legacy-page.ts,92/92 implementation canvas assertions; modern 64/64 geometry green,reviewed modern goldens green; 4K and physical LG pending,4K/LG geometry measurement
DESIGN-02,Exacte shellpadding masthead titelmin en gap,IMPLEMENTED_VISUAL_PENDING,editorial-arena-renderer.module.css; lg-legacy-page.ts,modern 64/64 DOM geometry assertions green,modern goldens reviewed refreshed and green; no blanket prototype pixelmatch,<=2 logical px prototype review and physical LG
DESIGN-03,Absolute footer 22px landscape/24px portrait zonder overlap,IMPLEMENTED_VISUAL_PENDING,renderer CSS; Static LG CSS,implementation 92/92 and modern 64/64 overflow/collision assertions green,modern goldens reviewed refreshed and green,Static LG and physical device review
DESIGN-04,Roboto lokaal 400/500/700/900 en fonts-ready,IMPLEMENTED_TEST_PENDING,fonts.lock.json; local WOFF2; Player public fonts,font lock/hash unit added,font-ready captures pending,offline preload and browser font check
DESIGN-05,Tekstschaal 90-120 zonder stil verkleinen,IMPLEMENTED_VISUAL_PENDING,theme-engine.ts; renderer CSS,contract bounds covered,90/120 long-content matrix pending,visual overflow review
DESIGN-06,Exacte radii border shadow tracking line-height tabular digits,IMPLEMENTED_VISUAL_PENDING,renderer module CSS; Static LG CSS,source-contract tests added; source references 92/92 renderable,prototype pixel/box comparison pending,pixel/box comparison
DESIGN-07,Drie flowcontouren zonder dots/neon/fixed blue glow,IMPLEMENTED_VISUAL_PENDING,renderer module CSS; Player globals; LG CSS,palette/source tests added,all preset visual pending,visual review
DESIGN-08,Eén pure paletteberekening voor presets en modes,VERIFIED,royal-current-theme.ts,44/44 supplied palette vectors green,preview screenshots pending,final workspace repeat
DESIGN-09,Club/neutral achtergrond en optioneel tweede accent,IMPLEMENTED_TEST_PENDING,royal-current-theme.ts; tenant-theme-editor.tsx,44 vectors and editor tests,mode previews pending,final Control browser
DESIGN-10,Status/QR/logo/foto kleuren functioneel bewaren,IMPLEMENTED_VISUAL_PENDING,royal-current-theme.ts; QR/renderer paths,semantic token unit added,QR/logo/photo matrix pending,decode and visual review
DESIGN-11,Actuele Static LG CSS/JS-enginecompatibiliteit,IMPLEMENTED_TEST_PENDING,apps/player/app/_lib/lg-legacy-page.ts,LG targeted parse/source tests added,Chromium79/device pending,Player webOS guard and physical LG
SLIDE-01,Uitslagen horizontaal met stabiel scoreanker en optionele logos,IMPLEMENTED_VISUAL_PENDING,editorial renderer ResultRow; Static LG,alignment/null-score units plus browser field-order and score-anchor assertions,modern matrix and results two-column golden reviewed refreshed and green; no prototype pixelmatch,Static LG/device and prototype ref/new/diff
SLIDE-02,Geen vormbolletjes per uitslagrij; één onderste reeks,IMPLEMENTED_VISUAL_PENDING,Editorial Arena result summary; LG parity,source-contract and alignment regressions green,modern results goldens reviewed refreshed and green,Static LG/device and prototype ref/new/diff
SLIDE-03,Onbekende score verschilt van 0-0,IMPLEMENTED_TEST_PENDING,ResultRow nullable score; LG parity,null-score unit plus browser empty-score assertion green,modern results golden green,Static LG/device 0-0 and null review
SLIDE-04,Compacte horizontale fixturefamilies en metadata,IMPLEMENTED_VISUAL_PENDING,ProgramRow/ResultRow; Static LG,content alignment units; browser row-height/order/containment assertions green,modern program/results matrix plus two two-column goldens green,Static LG/device parity
SLIDE-05,Vijf metadataopties onafhankelijk zonder lege track,IMPLEMENTED_TEST_PENDING,bulk wizard display flags; Control row preview; dynamic view; renderer grid track helpers,Control preview 3/3; browser optional-field order/hide assertions green,program and result modern goldens green,full 640 combination property matrix
SLIDE-06,Afgelast vervangt tijd en heeft geen tweede chip,IMPLEMENTED_TEST_PENDING,cancellationChip; Static LG parity,targeted cancellation unit added,reference/edge visual pending,visual review
SLIDE-07,Afgelast zichtbaar bij time false met 18/20 pad5x8 radius7 weight500,IMPLEMENTED_VISUAL_PENDING,renderer CSS; Static LG CSS,targeted semantic unit added,exact box measurement pending,<=2 px review
SLIDE-08,Stand bevat alle vereiste velden in beide oriëntaties,IMPLEMENTED_VISUAL_PENDING,Standing renderer; Static LG standing,field mapping tests; production implementation coverage 4/4,modern 10/20-row goldens green; 30-row and prototype pixel comparison pending,30-row and physical LG review
SLIDE-09,Eigen team echte positie pinned en gewone lijstvermelding,IMPLEMENTED_TEST_PENDING,dynamic-template-view standingPinnedTeam; Standing renderer,targeted pinned+list unit added,rank variants pending,source identity/browser cases
SLIDE-10,Pinned darkrij heeft clubtint/accent; gewone rij niet,IMPLEMENTED_VISUAL_PENDING,renderer standing classes; LG CSS,palette/source unit; production implementation coverage 4/4,modern standing goldens green; prototype pixel comparison pending,Static LG and prototype review
SLIDE-11,15/lange stand volledig bereikbaar met fixed header/footer,IMPLEMENTED_BEHAVIOR_PENDING,Standing renderer/pagination/motion; LG cut paging,targeted unit partial,15/30 lifecycle capture pending,timing and last-row proof
SLIDE-12,Nieuws heeft één hoofdtitel en body top-left,IMPLEMENTED_VISUAL_PENDING,Editorial Arena news layouts; LG news,targeted renderer unit; production implementation coverage 16/16,modern news goldens green; prototype pixel comparison pending,ref/new/diff
SLIDE-13,Nieuws QR-only gepad rechtsonder zonder tekst,IMPLEMENTED_TEST_PENDING,NewsQr component; LG QR-only,targeted no-caption unit and LG source test; production implementation coverage 16/16,modern news goldens green; QR decode and prototype pixel comparison pending,QR decode/capture
SLIDE-14,Vier nieuwsvarianten met juiste QR en geen tenanthardcoding,IMPLEMENTED_TEST_PENDING,news variant renderer; dynamic assets,variant unit/source coverage; production implementation coverage 16/16,modern news goldens green; destination decode pending,browser/QR matrix
SLIDE-15,Prijslijst category/price rail/photo portrait verhouding,IMPLEMENTED_VISUAL_PENDING,price renderer; LG price; worker,existing plus v8 unit; production implementation coverage 4/4,modern price goldens green; max-data and prototype pixel comparison pending,max-data and physical LG review
SLIDE-16,Menu twee panelen plus echte data/paginering,IMPLEMENTED_VISUAL_PENDING,MenuScene; Static LG Menu; worker,content and worker tests green; production implementation coverage 4/4,prototype pixel comparison and long-data review pending,long-data and physical LG review
SLIDE-17,Match van de dag met royale logos/tijd en details onderaan,IMPLEMENTED_VISUAL_PENDING,MatchHero renderer; Static LG,source-contract coverage; production implementation coverage 4/4,no prototype pixelmatch; dedicated ref/new/diff and physical LG pending,ref/new/diff
SLIDE-18,Volgende wedstrijd eigen echte context met dezelfde MatchHero,IMPLEMENTED_VISUAL_PENDING,MatchHero renderer and existing selection builder,source tests plus production implementation coverage 4/4,no prototype pixelmatch; dedicated ref/new/diff and physical LG pending,ref/new/diff
SLIDE-19,Welkom vaste 1/2/3 grid en lege gekozen slots,IMPLEMENTED_TEST_PENDING,dynamic view arrivalSlots; Arrival renderer; LG,targeted slot unit and LG source test; production implementation coverage 12/12,no prototype pixelmatch; capacity and physical LG pending,capacity/availability matrix
SLIDE-20,Welkom sorteert absolute timestamp en toont echt count,PRESERVED_REVERIFY,existing snapshot/view normalization; Arrival renderer,existing arrival tests to rerun,unsorted/tie cases pending,browser/data regression
SLIDE-21,Welkom gebruikt echt bezoekerslogo op 30% watermark,IMPLEMENTED_TEST_PENDING,normalizeVisitorArrivalItem; Arrival renderer; worker collector,targeted visitor-logo/worker tests; production implementation coverage 12/12,no prototype pixelmatch; missing-logo and physical LG review pending,visual review
SLIDE-22,Welkomgradient .80/.80/.46/.08 op normatieve stops,IMPLEMENTED_VISUAL_PENDING,renderer module CSS; Static LG CSS,source-contract check; production implementation coverage 12/12,no prototype pixelmatch; computed-style comparison pending,computed-style comparison
SLIDE-23,Welkom vrije logozone 1fr auto en min56%/560 contain,IMPLEMENTED_VISUAL_PENDING,renderer module CSS; Static LG CSS,targeted source unit; production implementation coverage 12/12,no prototype pixelmatch; dedicated box measurement pending,box measurement
SLIDE-24,Welkomtekst onderaan en metadata .8/.8/1.4,IMPLEMENTED_VISUAL_PENDING,Arrival renderer CSS; Static LG,targeted source unit; production implementation coverage 12/12,no prototype pixelmatch; dedicated box/text baseline review pending,box/text baseline review
SLIDE-25,Scheidsrechterontvangst toont official wedstrijd en meldplek,IMPLEMENTED_VISUAL_PENDING,arrival/referee renderer; Static LG,content 13/107; production implementation coverage 4/4,production implementation green without pixelmatch,dedicated golden and physical LG review
SLIDE-26,Indeling houdt thuis/uitkamers en optionele velden correct,IMPLEMENTED_TEST_PENDING,ProgramRow detail model; display config; LG,alignment units plus browser optional-field assertions green; production implementation coverage 4/4,two-column golden green; full toggle property matrix and physical LG pending,browser matrix
SLIDE-27,Arbitrage toont alle echte officials/rollen zonder first4,IMPLEMENTED_BEHAVIOR_PENDING,official list view/paging; Static LG,content 13/107; production implementation coverage 4/4,production implementation green without pixelmatch,>4 data regression and physical LG review
SLIDE-28,Afgelastingen echte filtering en rustige empty/error state,PRESERVED_REVERIFY,existing snapshot filter; v8 status renderer,existing data tests plus final rerun,4 refs/empty/error pending,browser matrix
SLIDE-29,Agenda drie aparte beelden 30% plus overlay30 en royale type,IMPLEMENTED_TEST_PENDING,Agenda renderer and item image projection; LG parity,targeted agenda-image unit; production implementation coverage 4/4,no prototype pixelmatch; opacity/layout and physical LG comparison pending,opacity/layout comparison
SLIDE-30,Verjaardagen royale identiteit en bestaande privacy policies,IMPLEMENTED_TEST_PENDING,Birthday renderer; birthday wizard frozen theme; LG,birthday theme path plus production implementation coverage 4/4,no prototype pixelmatch; privacy/missing-photo and physical LG review pending,browser matrix
SLIDE-31,Live score dominante score/klok/events en footerlogo,IMPLEMENTED_TEST_PENDING,ledscores-match-experience component/CSS,targeted component tests plus Player-runtime implementation coverage 4/4,no prototype pixelmatch; status matrix and live visual pending,browser/live visual
SLIDE-32,Engage resultaten 2/3 en CTA 1/3 in beide oriëntaties,IMPLEMENTED_TEST_PENDING,engage-playback-media.tsx,targeted 2:1 unit plus Player-runtime implementation coverage 4/4,no prototype pixelmatch; dedicated browser visual pending,browser visual
SLIDE-33,Engage grote namen/percenten/bars en echte QR/data,IMPLEMENTED_TEST_PENDING,Engage component/CSS/frozen theme,targeted unknown/closed/bar tests,QR and long-data captures pending,decode/visual matrix
SLIDE-34,Goal grote score/minuut/scorer met juiste clubmoment,IMPLEMENTED_TEST_PENDING,ledscores-goal-overlay and canvas scene,targeted overlay/scene tests plus Player-runtime implementation coverage 4/4,no prototype pixelmatch; all-moment goldens pending,live visual/ack suite
CONFIG-01,Tenantdefaults plus override/reset naar publicatie,PARTIAL_PENDING,tenant theme editor/actions; snapshot wrapper; owner-only reset; style summary,content 13/107; S161 62/62; full RLS 78/2009; DB lint green,Control journey pending,explicit per-slide inheritance/reset review and hosted rollout
CONFIG-02,3/6 HEX validatie behoudt laatste geldige en toont beide modes,IMPLEMENTED_TEST_PENDING,normalizeClubHex; editorial theme editor,targeted palette/editor tests green,Control both-mode browser pending,final a11y/E2E
CONFIG-03,Kleurreset en font/scale reset gescheiden; mode/slide behoudt keuzen,IMPLEMENTED_BEHAVIOR_PENDING,tenant-theme-editor.tsx; action validation,component tests partial,step/reload/browser pending,Control journey
CONFIG-04,LocalStorage/URL alleen preview en niet production authority,IMPLEMENTED_TEST_PENDING,server tenant-theme authority; snapshot migration,tenant-theme authority tests,not applicable,final diff/source scan
CONFIG-05,Gedeelde style/preview in alle relevante wizards,PARTIAL_PENDING,tenant-style-summary; FieldFlowStyleStep; SportlinkMatchRowPreview; touched wizard/pages,Control 70/390; Sportlink preview component 3/3,bulk/version preview uses live display draft without fake providerdata,remaining wizard routes browser review
CONFIG-06,Sportlink periode/team/home-away/poule/fase filters blijven werken,PRESERVED_REVERIFY,existing bulk/version/domain/snapshot paths,existing regressions plus full RLS 78/2009 green,Control journey pending,full Control/browser flow
CONFIG-07,Alle actuele controls field-by-field en niet alleen 50 traces,PRESERVED_REVERIFY,CONFIG-TRACE.csv plus existing contracts,CSV 50-row parse; full code review pending,all journey evidence pending,final inventory/diff audit
CONFIG-08,Mobiel grid states keyboard focus touch en stable actions,IMPLEMENTED_UI_PENDING,Control theme editor/style summary/dynamic CSS,component tests partial,mobile/a11y screenshots pending,full a11y/Chromium
CONFIG-09,Create/edit/new version/bulk/reload/publish met nondefaults,IMPLEMENTED_BEHAVIOR_PENDING,Control new/version/bulk/theme actions and snapshot wrapper,targeted unit partial,end-to-end journey pending,Chromium + DB readback
MIG-01,Nieuwe family met legacy ID/schema/check/default compatibility,IMPLEMENTED_TEST_PENDING,theme-engine.ts; S161 migration,content 13/107; fresh DB reset; S161 62/62; full RLS 78/2009; DB lint results empty,not applicable,hosted migration/readback
MIG-02,Actuele immutable releasearchitectuur respecteren,IMPLEMENTED_REVIEW_PENDING,S161 wraps current snapshot builder only,fresh reset; S161 62/62 and full RLS 78/2009 green,not applicable,release regression and hosted readback
MIG-03,Historische snapshots niet herschrijven en blijven spelen,IMPLEMENTED_TEST_PENDING,no UPDATE/backfill in migration; v1 resolver tests,v1 theme/LG tests added,legacy browser/offline pending,Player/offline regression
MIG-04,Resolved style/design revision/assets versioned,IMPLEMENTED_TEST_PENDING,appearance v2; themePresentation snapshot v2; worker collector,contract/theme/worker unit added,preview/player parity pending,full tests and visual
MIG-05,Dual logos QR font sponsor/news assets in collectors,IMPLEMENTED_TEST_PENDING,dynamic-render-backend.ts; font manifest; existing snapshot collectors,worker asset tests added,offline/manifest readback pending,asset matrix
MIG-06,Modern LG editor screen preview thumbnail poster same data,IMPLEMENTED_TEST_PENDING,dynamic view; modern renderer; LG; Control preview; worker,implementation 92/92; modern visual 64/64; Control row preview 3/3,modern goldens green; no prototype pixelmatch,Static LG/preview/poster parity and physical LG
MIG-07,Geen nieuwe provider/live fetch voor basisrender/offline,VERIFIED,renderers consume payload/snapshot only,code review and existing boundary tests pending,not applicable,final credential/import scan
MIG-08,Usermedia/free Studio/sponsor creatives intact; new templates versioned,IN_PROGRESS,Studio templates/worker; sponsor/media paths preserved,Studio agent tests pending,template goldens pending,finish Studio integration
MIG-09,Geen push/CEC/sync/backendarchitectuur aan restyle toegevoegd,VERIFIED,scope diff contains no new backend project or sync architecture,final diff review pending,not applicable,final changed-file audit
MIG-10,Cleanup observers/timers en stable cache/component keys,IMPLEMENTED_BEHAVIOR_PENDING,standing/Engage/player component lifecycles,targeted units partial,lifecycle browser pending,timer/resize/hidden/unmount suite
MIG-11,Geautoriseerde rollout/rollback en reviewbare commits zonder bulk publish,IMPLEMENTED_TEST_PENDING,private reset v2; protected workflow; S161 sprint/runbook/README,S161 pgTAP 62/62 plus workflow static validation green,deployment not yet run,final commits CI exact-SHA deploy and tenant readback
MOTION-01,Entry timings/transforms/staggers exact zonder theatrical effects,IMPLEMENTED_VISUAL_PENDING,renderer CSS; Player globals/LED CSS,source-contract tests partial,motion capture pending,browser/reduced-motion review
MOTION-02,Engage 1400ms easing and 180+160ms stagger scaleX,IMPLEMENTED_TEST_PENDING,engage-playback-media.tsx/CSS,targeted source/unit assertion added,motion capture pending,browser timing
MOTION-03,Colour/live update herstart niet hele slide,IMPLEMENTED_BEHAVIOR_PENDING,stable frozen theme resolver and live components,targeted units partial,live update recording pending,React/browser lifecycle
MOTION-04,Stand 3s start 34px/s 3s end and last team visible,IMPLEMENTED_BEHAVIOR_PENDING,standing renderer CSS/runtime; LG paging,source constants covered,timed browser proof pending,motion lifecycle
MOTION-05,Pause resume resize hidden tab unmount without double loops,IMPLEMENTED_BEHAVIOR_PENDING,standing/Player component cleanup paths,final unit/player suite pending,browser lifecycle pending,dedicated behavior proof
MOTION-06,Reduced-motion unattended pagination reaches all teams and playlist continues,IMPLEMENTED_BEHAVIOR_PENDING,renderer reduced-motion and Static LG pages,source test partial,Player reduced-motion/offline pending,browser/player suite
MOTION-07,LED dedupe priority duration ack and playlist return preserved,PRESERVED_REVERIFY,existing LED delivery/runtime with presentation-only changes,targeted component tests added,live browser pending,full Player/LED suite
MOTION-08,Offline LKG fonts logos QR posters coldstart reconnect,IMPLEMENTED_TEST_PENDING,local fonts; snapshot assets; Player/LG fallback paths,unit assets/LG tests added,offline suite pending,pnpm test:player:offline plus browser
ASSET-01,Images/fonts/licenses/QR present and hashfixed,VERIFIED,font lock and transfer SHA256SUMS,package verifier PASS; local font hashes verified,QR browser decode pending,final asset manifest/offline check
ASSET-02,Official logo assets only; no generative reconstruction,PRESERVED_REVERIFY,existing locked assets reused; no new reconstructed SVG,final diff/hash scan pending,visual logo review pending,locked-asset gate
ASSET-03,Visitor foreground and watermark use real visitor asset/fallback,IMPLEMENTED_TEST_PENDING,normalizeVisitorArrivalItem; renderer; worker,targeted visitor-logo/asset tests plus production implementation coverage 12/12,no prototype pixelmatch; missing-logo and physical LG review pending,visual matrix
ASSET-04,No transparency pipeline/generalized demo filter,OUT_OF_SCOPE_CONFIRMED,no such runtime/service/control added,final diff scan pending,not applicable,final review
ASSET-05,QR decodes with quiet zone >=4 and right target,IMPLEMENTED_VERIFICATION_PENDING,existing local QR generation/assets; QR-only renderer,markup/unit partial,actual decode captures pending,QR decoder matrix
ASSET-06,Roboto default and correct Apache metadata not OFL,VERIFIED,fonts.lock.json; ROBOTO-LICENSE/NOTICE; manifest,font lock/hash tests added,font-render capture pending,offline/fonts-ready check
ASSET-07,Prototype photos not claimed as documentary tenant source,VERIFIED,fixtures confined to tests/source package; README notes provenance,code review pending,not applicable,final fixture scan
EXTRA-01,Five dormant sporttypes have explicit mapping without public activation,PARTIAL_PENDING,DynamicTemplateView/Editorial renderer; Static LG mapping,content 13/107; team sponsor training volunteer mapping exercised,16 modern additional goldens reviewed refreshed and green; sponsor 4/4,period-standing fixture/golden and Static LG/device review
EXTRA-02,Menu Document v2 all block types preserved,IMPLEMENTED_TEST_PENDING,MenuScene; worker asset collection; LG Menu,existing Menu + worker unit to rerun,all-block goldens pending,modern/LG/poster matrix
EXTRA-03,LED match_center/scoreboard and eight moments with bindings,IMPLEMENTED_TEST_PENDING,LED Player components and curated scene classes,targeted LED tests added,all variants/orientations pending,live/visual/ack suite
EXTRA-04,Engage poll/results/MOTM states including offline,IMPLEMENTED_TEST_PENDING,engage-playback-media.tsx and frozen fallback,targeted Engage tests added,MOTM/hidden/offline goldens pending,full Engage/Player suite
EXTRA-05,Six sponsor positions and campaign/PoP preserved,PARTIAL_PENDING,existing sponsor runtime plus Control style indication,existing sponsor tests need rerun,collision/position goldens pending,full sponsor regression
EXTRA-06,22 Studio system templates in both modes,IN_PROGRESS,packages/studio/src/templates.ts; worker Studio renderers,Studio agent tests pending,22 template goldens pending,finish and review template integration
EXTRA-07,Raw image/video/YouTube fit timing trim mute poster preserved,PRESERVED_REVERIFY,existing raw media and youtube renderers; presentation system changes only,final Player/offline tests pending,state/media goldens pending,full regression
EXTRA-08,Player pairing/sync/wait/offline/recovery/billing/PWA coherent,IMPLEMENTED_TEST_PENDING,Player system theme; globals; runtime/recovery/PWA components,targeted source tests partial,system-state goldens pending,Player/a11y/offline
QA-01,Compare all 92 references with same data/fonts/canvas,REFERENCE_AND_IMPLEMENTATION_GREEN_PIXEL_DIFF_PENDING,reference index; reference spec; implementation coverage spec,source 92/92 plus production implementation 92/92 with 80 thumbnail and 12 runtime,no prototype pixelmatch or ref/new/diff claimed,prototype comparison remains separate
QA-02,Create and report new compositions without pixel prototype,PARTIAL_PENDING,SURFACE-COVERAGE marks 64 production surfaces,modern additional team/sponsor/training/volunteer matrix 16/16 green,sponsor spotlight 4/4 reviewed refreshed and green; no prototype pixelmatch,capture/review remaining extra surfaces
QA-03,Run 640 metadata combinations plus asset/long/empty/fail/scale matrix,PARTIAL_PENDING,display config path and test plan documented,alignment units; Control preview 3/3; browser optional-field/order/unknown-score assertions green,two-column program/results goldens green,remaining 640 property and edge matrix
QA-04,Do not blind-update goldens; <=2px geometry and visible match,MODERN_GOLDENS_GREEN_PROTOTYPE_DIFF_PENDING,acceptance rule plus editorial visual matrix,visual spec 4/4; 64/64 DOM/geometry and screenshot gate green,64 matrix goldens plus two two-column goldens reviewed refreshed and green; no blanket prototype pixelmatch,92-case prototype ref/new/diff remains separate
QA-05,Run all current repo/migration/parity/offline gates,PARTIAL_PENDING,gates enumerated in README,workspace lint/typecheck/test 30/30; content 13/107; Control 70/390; fresh DB reset; S161 62/62; RLS 78/2009; DB lint green,reference 92/92; implementation 92/92; visual spec 4/4 with modern matrix 64/64; hosted/device pending,workspace build broad a11y/Chromium Player/offline remaining parity CI/deploy
QA-06,DONE only with code/test evidence and complete reports,PARTIAL_PENDING,README + 64/50/101 CSV matrices,CSV counts/schema and evidence-link validation green,release evidence pending,final build/player/CI/deploy readbacks
QA-07,Report actual blockers and never claim unrun browser/device/deploy,VERIFIED,README pending list and honest statuses,documentation distinguishes implementation coverage from pixelmatch,physical LG EXTERNAL_UNTESTED; hosted Auth allowlist external,keep statuses factual through release
