surface_id,family,prototype_cases,current_head_paths,modern_or_primary_output,lg_legacy_output,preview_thumbnail_poster,editor_or_owner,legacy_lkg_invariant,implementation_status,test_evidence,visual_evidence,exclusion_reason
media_image,raw_media,0,apps/player/app/_components/player-runtime.tsx; existing media renderer,preserved existing image fit/focal/timing,preserved existing verified-cache route,existing Control/Player media preview and poster,Slides editor,user bytes and active release unchanged,PRESERVED_REVERIFY,final Player/offline suite pending,additional production golden pending,NONE
media_video,raw_media,0,apps/player/app/_components/player-runtime.tsx; existing media renderer,preserved trim/mute/fit/timing,preserved HTTP/cache/poster fallback,existing preview and immutable poster,Slides editor,user bytes and active release unchanged,PRESERVED_REVERIFY,final Player/offline suite pending,additional production golden pending,NONE
menu,menu,4,packages/content-templates/src/menu-scene.tsx; dynamic-template-view.ts,shared frozen theme projection,apps/player/app/_lib/lg-legacy-page.ts,media-worker dynamic render backend,Menu Studio,old Menu documents remain decodeable,IMPLEMENTED_TEST_PENDING,content and worker tests green; production implementation coverage 4/4,production implementation coverage green; no prototype pixelmatch; Menu-specific golden and LG parity pending,NONE
price_list_legacy,menu,4,packages/content-templates/src/editorial-arena-renderer.tsx,Editorial Arena v8,apps/player/app/_lib/lg-legacy-page.ts,shared preview and worker PNG,price editor,old snapshots use legacy revision,IMPLEMENTED_TEST_PENDING,content suite 13/107; implementation coverage green,modern matrix variants light/dark x landscape/portrait reviewed refreshed and green; no prototype pixelmatch claim,NONE
price_list_menu_document_v2,menu,0,packages/content-templates/src/menu-scene.tsx,shared Menu v2 tokens,apps/player/app/_lib/lg-legacy-page.ts,worker dynamic render backend,Menu Studio,document versions and user blocks preserved,IMPLEMENTED_TEST_PENDING,existing Menu tests plus final suite pending,additional production golden pending,NONE
news_hero_split,news,4,packages/content-templates/src/editorial-arena-renderer.tsx,Editorial Arena v8,apps/player/app/_lib/lg-legacy-page.ts,shared preview and worker PNG,news wizard,legacy variants remain frozen,IMPLEMENTED_TEST_PENDING,QR-only renderer unit; implementation coverage green,modern light/dark x landscape/portrait golden reviewed refreshed and green; no prototype pixelmatch claim,NONE
news_fullscreen_gradient,news,4,packages/content-templates/src/editorial-arena-renderer.tsx,Editorial Arena v8,apps/player/app/_lib/lg-legacy-page.ts,shared preview and worker PNG,news wizard,legacy overlays remain frozen,IMPLEMENTED_TEST_PENDING,renderer unit; implementation coverage green,modern light/dark x landscape/portrait golden reviewed refreshed and green; no prototype pixelmatch claim,NONE
news_grid,news,4,packages/content-templates/src/editorial-arena-renderer.tsx,Editorial Arena v8,apps/player/app/_lib/lg-legacy-page.ts,shared preview and worker PNG,news wizard,legacy variants remain frozen,IMPLEMENTED_TEST_PENDING,renderer unit; implementation coverage green,modern light/dark x landscape/portrait golden reviewed refreshed and green; no prototype pixelmatch claim,NONE
news_text_only,news,4,packages/content-templates/src/editorial-arena-renderer.tsx,Editorial Arena v8,apps/player/app/_lib/lg-legacy-page.ts,shared preview and worker PNG,news wizard,legacy variants remain frozen,IMPLEMENTED_TEST_PENDING,renderer unit; implementation coverage green,modern light/dark x landscape/portrait golden reviewed refreshed and green; no prototype pixelmatch claim,NONE
sport_program,sport,4,packages/content-templates/src/editorial-arena-renderer.tsx,FixtureList v8,apps/player/app/_lib/lg-legacy-page.ts,shared preview and worker PNG,Sportlink bulk/version editor,scope/display config and old snapshots preserved,IMPLEMENTED_TEST_PENDING,alignment unit; optional-field browser assertions; DB/RLS green,implementation coverage green; modern matrix and two-column golden reviewed refreshed and green; no prototype pixelmatch claim,NONE
sport_results,sport,4,packages/content-templates/src/editorial-arena-renderer.tsx,ResultList v8,apps/player/app/_lib/lg-legacy-page.ts,shared preview and worker PNG,Sportlink bulk/version editor,null score and old snapshots preserved,IMPLEMENTED_TEST_PENDING,alignment/null-score unit; optional-field browser assertions; DB/RLS green,implementation coverage green; modern matrix and two-column golden reviewed refreshed and green; no prototype pixelmatch claim,NONE
sport_standing,sport,4,packages/content-templates/src/editorial-arena-renderer.tsx,Standing v8 pinned+list,apps/player/app/_lib/lg-legacy-page.ts,shared preview and worker PNG,Sportlink bulk/version editor,source rank/team identity preserved,IMPLEMENTED_TEST_PENDING,pinned-row unit; implementation coverage green; lifecycle suite pending,modern 10/20-row matrix light/dark x landscape/portrait reviewed refreshed and green; no prototype pixelmatch claim,NONE
sport_period_standing,sport,0,packages/content-templates/src/editorial-arena-renderer.tsx,explicit standing-family mapping,apps/player/app/_lib/lg-legacy-page.ts,shared preview and worker PNG,typed dormant contract,no public activation or historical mutation,MAPPED_TEST_PENDING,content suite 13/107 overall; dedicated period-standing fixture pending,additional production golden pending,NONE
sport_match_of_the_day,sport,4,packages/content-templates/src/editorial-arena-renderer.tsx,MatchHero v8,apps/player/app/_lib/lg-legacy-page.ts,shared preview and worker PNG,dynamic slide editor,old sponsor/match data preserved,IMPLEMENTED_TEST_PENDING,content suite 13/107; production implementation coverage 4/4,production implementation coverage green; no prototype pixelmatch; dedicated golden and LG review pending,NONE
sport_next_match,sport,4,packages/content-templates/src/editorial-arena-renderer.tsx,MatchHero v8,apps/player/app/_lib/lg-legacy-page.ts,shared preview and worker PNG,dynamic slide editor,existing next-fixture selection preserved,IMPLEMENTED_TEST_PENDING,content suite 13/107; production implementation coverage 4/4,production implementation coverage green; no prototype pixelmatch; dedicated golden and LG review pending,NONE
sport_cancellations,sport,4,packages/content-templates/src/editorial-arena-renderer.tsx,Status FixtureList v8,apps/player/app/_lib/lg-legacy-page.ts,shared preview and worker PNG,dynamic slide editor,source status and empty policy preserved,IMPLEMENTED_TEST_PENDING,cancelled unit added; production implementation coverage 4/4,production implementation coverage green; no prototype pixelmatch; dedicated golden and LG review pending,NONE
sport_dressing_rooms,sport,4,packages/content-templates/src/editorial-arena-renderer.tsx,FixtureList v8,apps/player/app/_lib/lg-legacy-page.ts,shared preview and worker PNG,Sportlink editor,home/away room identity preserved,IMPLEMENTED_TEST_PENDING,display-path unit; production implementation coverage 4/4,production implementation coverage green; no prototype pixelmatch; dedicated golden and LG review pending,NONE
sport_officials,sport,4,packages/content-templates/src/editorial-arena-renderer.tsx,FixtureList v8,apps/player/app/_lib/lg-legacy-page.ts,shared preview and worker PNG,Sportlink editor,official arrays and roles preserved,IMPLEMENTED_TEST_PENDING,content suite 13/107; production implementation coverage 4/4,production implementation coverage green; no prototype pixelmatch; dedicated golden and LG review pending,NONE
sport_team,sport,0,packages/content-templates/src/editorial-arena-renderer.tsx,explicit team mapping,apps/player/app/_lib/lg-legacy-page.ts,shared preview and worker PNG,typed dormant contract,no public activation or historical mutation,IMPLEMENTED_TEST_PENDING,content suite 13/107; explicit mapping exercised,additional production golden 4/4 reviewed refreshed and green; no prototype pixelmatch,NONE
sport_sponsor,sport,0,packages/content-templates/src/editorial-arena-renderer.tsx,single-creative Sponsor Spotlight v8,apps/player/app/_lib/lg-legacy-page.ts,shared preview and worker PNG,typed dormant contract,creative pixels preserved,IMPLEMENTED_TEST_PENDING,single-item paging unit; content suite 13/107,4/4 light/dark x landscape/portrait golden green with containment separation and contrast assertions; no prototype pixelmatch,NONE
sport_activities,sport,4,packages/content-templates/src/editorial-arena-renderer.tsx,Agenda v8 with per-item image,apps/player/app/_lib/lg-legacy-page.ts,shared preview and worker PNG,dynamic slide editor,source assets and paging preserved,IMPLEMENTED_TEST_PENDING,agenda image unit added; production implementation coverage 4/4,production implementation coverage green; no prototype pixelmatch; dedicated golden and LG review pending,NONE
sport_trainings,sport,0,packages/content-templates/src/editorial-arena-renderer.tsx,explicit fixture/activity mapping,apps/player/app/_lib/lg-legacy-page.ts,shared preview and worker PNG,typed dormant contract,no public activation or historical mutation,IMPLEMENTED_TEST_PENDING,content suite 13/107; explicit mapping exercised,additional production golden 4/4 reviewed refreshed and green; no prototype pixelmatch,NONE
sport_volunteers,sport,0,packages/content-templates/src/editorial-arena-renderer.tsx,explicit activity/CTA mapping,apps/player/app/_lib/lg-legacy-page.ts,shared preview and worker PNG,typed dormant contract,no public activation or historical mutation,IMPLEMENTED_TEST_PENDING,content suite 13/107; explicit mapping exercised,additional production golden 4/4 reviewed refreshed and green; no prototype pixelmatch,NONE
sport_birthdays,sport,4,packages/content-templates/src/editorial-arena-renderer.tsx,Birthday v8,apps/player/app/_lib/lg-legacy-page.ts,shared preview and worker PNG,birthday wizard,privacy/selection and old snapshots preserved,IMPLEMENTED_TEST_PENDING,birthday payload theme path added; production implementation coverage 4/4,production implementation coverage green; no prototype pixelmatch; dedicated golden and LG review pending,NONE
sport_visitor_arrivals,sport,12,packages/content-templates/src/editorial-arena-renderer.tsx,ArrivalCard v8 fixed 1/2/3,apps/player/app/_lib/lg-legacy-page.ts,shared preview and worker PNG,arrival wizard,real visitor asset and empty slots preserved,IMPLEMENTED_TEST_PENDING,slot/logo unit and LG source contract added; production implementation coverage 12/12,production implementation coverage green; no prototype pixelmatch; dedicated golden and physical LG review pending,NONE
sport_referee_arrivals,sport,4,packages/content-templates/src/editorial-arena-renderer.tsx,Official arrival v8,apps/player/app/_lib/lg-legacy-page.ts,shared preview and worker PNG,arrival wizard,official data and sponsor policy preserved,IMPLEMENTED_TEST_PENDING,content suite 13/107; production implementation coverage 4/4,production implementation coverage green; no prototype pixelmatch; dedicated golden and LG review pending,NONE
ledscores_live_match_match_center,live_score,4,apps/player/app/_components/ledscores-match-experience.tsx,Royal Current live match,Static LG fallback route preserved,Player live output and frozen fallback,LED Scores wizard,live bindings/dedupe/ack/LKG preserved,IMPLEMENTED_TEST_PENDING,targeted component tests green; Player-runtime implementation coverage 4/4,runtime implementation coverage green; no prototype pixelmatch; dedicated live-state visual and Player gates pending,NONE
ledscores_live_match_scoreboard,live_score,0,apps/player/app/_components/ledscores-match-experience.tsx,Navy/Royal scoreboard,Static LG fallback route preserved,Player live output and frozen fallback,LED Scores wizard,live bindings/dedupe/ack/LKG preserved,IMPLEMENTED_TEST_PENDING,targeted component tests added,additional production golden pending,NONE
led_goal_own,live_moment,4,apps/player/app/_components/ledscores-goal-overlay.tsx,Royal Current goal moment,Static LG/fallback behavior preserved,live overlay over active LKG,LED moment editor,user scenes and durable ack preserved,IMPLEMENTED_TEST_PENDING,targeted overlay tests green; Player-runtime implementation coverage 4/4,runtime implementation coverage green; no prototype pixelmatch; dedicated live-state visual and Player gates pending,NONE
led_goal_opponent,live_moment,0,apps/player/app/_components/ledscores-canvas-scene.tsx,Royal Current curated scene,existing Static LG fallback preserved,live overlay over active LKG,LED moment editor,user scene bytes untouched,IMPLEMENTED_TEST_PENDING,targeted scene tests added,additional production golden pending,NONE
led_goal_unknown,live_moment,0,apps/player/app/_components/ledscores-canvas-scene.tsx,neutral curated scene,existing Static LG fallback preserved,live overlay over active LKG,LED moment editor,no invented club/scorer,IMPLEMENTED_TEST_PENDING,targeted scene tests added,additional production golden pending,NONE
led_lineup_home,live_moment,0,apps/player/app/_components/ledscores-canvas-scene.tsx,Royal Current curated scene,existing Static LG fallback preserved,live overlay over active LKG,LED moment editor,user bindings preserved,IMPLEMENTED_TEST_PENDING,targeted scene tests added,additional production golden pending,NONE
led_lineup_away,live_moment,0,apps/player/app/_components/ledscores-canvas-scene.tsx,Royal Current curated scene,existing Static LG fallback preserved,live overlay over active LKG,LED moment editor,user bindings preserved,IMPLEMENTED_TEST_PENDING,targeted scene tests added,additional production golden pending,NONE
led_match_start,live_moment,0,apps/player/app/_components/ledscores-canvas-scene.tsx,Royal Current curated scene,existing Static LG fallback preserved,live overlay over active LKG,LED moment editor,user bindings preserved,IMPLEMENTED_TEST_PENDING,targeted scene tests added,additional production golden pending,NONE
led_half_time,live_moment,0,apps/player/app/_components/ledscores-canvas-scene.tsx,Royal Current curated scene,existing Static LG fallback preserved,live overlay over active LKG,LED moment editor,user bindings preserved,IMPLEMENTED_TEST_PENDING,targeted scene tests added,additional production golden pending,NONE
led_match_end,live_moment,0,apps/player/app/_components/ledscores-canvas-scene.tsx,Royal Current curated scene,existing Static LG fallback preserved,live overlay over active LKG,LED moment editor,user bindings preserved,IMPLEMENTED_TEST_PENDING,targeted scene tests added,additional production golden pending,NONE
engage_poll,engage,4,apps/player/app/_components/engage-playback-media.tsx,2/3 results + 1/3 CTA,immutable local fallback,Player live/fallback projection,Engage editor,campaign state and LKG preserved,IMPLEMENTED_TEST_PENDING,5 targeted Engage tests green; Player-runtime implementation coverage 4/4,runtime implementation coverage green; no prototype pixelmatch; dedicated live-state visual and Player gates pending,NONE
engage_results,engage,0,apps/player/app/_components/engage-playback-media.tsx,Royal/Navy result panel,immutable local fallback,Player live/fallback projection,Engage editor,no invented percentages,IMPLEMENTED_TEST_PENDING,zero/unknown/closed unit cases added,additional production golden pending,NONE
engage_motm,engage,0,apps/player/app/_components/engage-playback-media.tsx,Royal/Navy MOTM projection,immutable local fallback,Player live/fallback projection,Engage editor,privacy/photos/campaign state preserved,IMPLEMENTED_TEST_PENDING,final Engage matrix pending,additional production golden pending,NONE
youtube_playback,youtube,0,existing youtube-playback-media.tsx,video remains unobstructed,existing local poster fallback,existing preview/fallback,YouTube editor,online contract and local LKG preserved,PRESERVED_REVERIFY,final Player/offline suite pending,additional production state golden pending,NONE
sponsor_fullscreen,sponsor,0,existing player sponsor runtime,creative contained unchanged,existing LG sponsor path,existing creative preview/poster,Sponsor Hub,campaign/PoP and bytes preserved,PARTIAL_PENDING,existing sponsor tests need final rerun,additional production/collision golden pending,NONE
sponsor_presented_by,sponsor,0,existing player sponsor runtime,shared tenant-style indication added,existing LG sponsor path,existing creative preview/poster,Sponsor Hub,campaign/PoP and bytes preserved,PARTIAL_PENDING,existing sponsor tests need final rerun,additional production/collision golden pending,NONE
sponsor_footer,sponsor,0,existing player sponsor runtime,shared tenant-style indication added,existing LG sponsor path,existing creative preview/poster,Sponsor Hub,campaign/PoP and bytes preserved,PARTIAL_PENDING,existing sponsor tests need final rerun,additional production/collision golden pending,NONE
sponsor_corner,sponsor,0,existing player sponsor runtime,shared tenant-style indication added,existing LG sponsor path,existing creative preview/poster,Sponsor Hub,campaign/PoP and bytes preserved,PARTIAL_PENDING,existing sponsor tests need final rerun,additional production/collision golden pending,NONE
sponsor_match_sponsor,sponsor,0,existing player sponsor runtime,shared tenant-style indication added,existing LG sponsor path,existing creative preview/poster,Sponsor Hub/match editor,campaign/PoP and bytes preserved,PARTIAL_PENDING,existing sponsor tests need final rerun,additional production/collision golden pending,NONE
sponsor_match_ball_sponsor,sponsor,0,existing player sponsor runtime,shared tenant-style indication added,existing LG sponsor path,existing creative preview/poster,Sponsor Hub/match editor,campaign/PoP and bytes preserved,PARTIAL_PENDING,existing sponsor tests need final rerun,additional production/collision golden pending,NONE
studio_matchday,studio_system_template,0,packages/studio/src/templates.ts; media-worker Studio renderers,curated Royal/Navy template,rendered media is normal Player media,SVG/resvg PNG/MP4,Studio,free user designs unchanged,IN_PROGRESS,Studio agent tests/final gates pending,additional template golden pending,NONE
studio_schedule,studio_system_template,0,packages/studio/src/templates.ts; media-worker Studio renderers,curated Royal/Navy template,rendered media is normal Player media,SVG/resvg PNG/MP4,Studio,free user designs unchanged,IN_PROGRESS,Studio agent tests/final gates pending,additional template golden pending,NONE
studio_result,studio_system_template,0,packages/studio/src/templates.ts; media-worker Studio renderers,curated Royal/Navy template,rendered media is normal Player media,SVG/resvg PNG/MP4,Studio,free user designs unchanged,IN_PROGRESS,Studio agent tests/final gates pending,additional template golden pending,NONE
studio_sponsor,studio_system_template,0,packages/studio/src/templates.ts; media-worker Studio renderers,curated template preserves creative,rendered media is normal Player media,SVG/resvg PNG/MP4,Studio,free user designs unchanged,IN_PROGRESS,Studio agent tests/final gates pending,additional template golden pending,NONE
studio_menu,studio_system_template,0,packages/studio/src/templates.ts; media-worker Studio renderers,curated Royal/Navy template,rendered media is normal Player media,SVG/resvg PNG/MP4,Studio,free user designs unchanged,IN_PROGRESS,Studio agent tests/final gates pending,additional template golden pending,NONE
studio_activity,studio_system_template,0,packages/studio/src/templates.ts; media-worker Studio renderers,curated Royal/Navy template,rendered media is normal Player media,SVG/resvg PNG/MP4,Studio,free user designs unchanged,IN_PROGRESS,Studio agent tests/final gates pending,additional template golden pending,NONE
studio_volunteer,studio_system_template,0,packages/studio/src/templates.ts; media-worker Studio renderers,curated Royal/Navy template,rendered media is normal Player media,SVG/resvg PNG/MP4,Studio,free user designs unchanged,IN_PROGRESS,Studio agent tests/final gates pending,additional template golden pending,NONE
studio_welcome,studio_system_template,0,packages/studio/src/templates.ts; media-worker Studio renderers,curated Royal/Navy template,rendered media is normal Player media,SVG/resvg PNG/MP4,Studio,free user designs unchanged,IN_PROGRESS,Studio agent tests/final gates pending,additional template golden pending,NONE
studio_cancelled,studio_system_template,0,packages/studio/src/templates.ts; media-worker Studio renderers,curated semantic status template,rendered media is normal Player media,SVG/resvg PNG/MP4,Studio,free user designs unchanged,IN_PROGRESS,Studio agent tests/final gates pending,additional template golden pending,NONE
studio_social,studio_system_template,0,packages/studio/src/templates.ts; media-worker Studio renderers,curated Royal/Navy QR template,rendered media is normal Player media,SVG/resvg PNG/MP4,Studio,free user designs unchanged,IN_PROGRESS,Studio agent tests/final gates pending,additional template/QR golden pending,NONE
studio_emergency,studio_system_template,0,packages/studio/src/templates.ts; media-worker Studio renderers,curated clarity-first template,rendered media is normal Player media,SVG/resvg PNG/MP4,Studio,free user designs unchanged,IN_PROGRESS,Studio agent tests/final gates pending,additional template/a11y golden pending,NONE
player_pairing,player_system,0,apps/player/app/globals.css; player system theme,product-owned Royal/Navy shell,Static LG pairing remains isolated,not applicable,Player setup,device identity and secrets unchanged,IMPLEMENTED_TEST_PENDING,Player system-source tests/final browser pending,additional system-state golden pending,NONE
player_setup_syncing,player_system,0,apps/player/app/globals.css; player-runtime.tsx,product-owned Royal/Navy shell,Static LG setup remains isolated,not applicable,Player setup,release verification and LKG state machine unchanged,IMPLEMENTED_TEST_PENDING,Player final suite pending,additional system-state golden pending,NONE
player_waiting_empty,player_system,0,apps/player/app/globals.css; player-runtime.tsx,product-owned calm empty shell,Static LG waiting remains isolated,not applicable,Player,valid LKG never replaced,IMPLEMENTED_TEST_PENDING,Player final suite pending,additional system-state golden pending,NONE
player_offline_lkg,player_system,0,apps/player/app/_components/player-runtime.tsx; globals.css,content remains visible with compact chip,Static LG LKG behavior preserved,not applicable,Player,verified active/previous release preserved,IMPLEMENTED_TEST_PENDING,Player offline suite pending,offline/LKG browser evidence pending,NONE
player_recovery_problem,player_system,0,apps/player/app/_components/player-recovery-menu.tsx; globals.css,product-owned recovery shell,Static LG recovery remains isolated,not applicable,Player recovery,no black screen over valid LKG,IMPLEMENTED_TEST_PENDING,Player recovery/final suite pending,additional system-state golden pending,NONE
player_billing_suspended,player_system,0,apps/player/app/globals.css; existing entitlement state,product-owned account shell,Static LG entitlement state preserved,not applicable,Billing/Player,access policy and content privacy unchanged,IMPLEMENTED_TEST_PENDING,Player entitlement/final suite pending,additional system-state golden pending,NONE
player_pwa_install,player_system,0,apps/player/app/_components/player-pwa-controls.tsx; globals.css,product-owned install shell,not applicable,not applicable,Player,capability detection preserved,IMPLEMENTED_TEST_PENDING,Player PWA/final suite pending,additional system-state golden pending,NONE
